Date,sp500_return,eurusd,vix,petroleo_return,oro_return,tipos_fed,inflacion_usa,inflation_eu,desempleo,tipos_ecb,curva10Y2Y,precio,activo_return,media_movil_3m,media_movil_6m,media_movil_12m,volatilidad_3m,volatilidad_6m,momentum_3m,momentum_6m,momentum_12m,lag_1,lag_2,lag_3,lag_6,lag_12,target
2003-12-31,0.05076554077889206,1.2590018510818481,18.309999465942383,0.06938509111933211,0.04763111137978071,0.98,0.020352035203520247,0.020207059997505272,5.7,1.0,2.43,0.32015472650527954,0.02199854919075772,0.32544824481010437,0.32355063656965893,0.28005436683694523,0.0959038902403849,0.08874205216222186,0.9763447344303131,1.9413038194179535,3.3606524020433426,-0.08650023968627696,0.1047297303784287,-0.08359139936691629,0.06183747913063753,-0.07548465562269957,0.055685164033693946
2004-01-31,0.017276386950755285,1.2452058792114258,16.6299991607666,0.016297625210221822,-0.03247534184164658,1.0,0.020262869660460092,0.01834289992513094,5.7,1.0,2.32,0.3379825949668884,0.055685164033693946,0.3238002359867096,0.32724598546822864,0.2902916856110096,0.07430058797251735,0.08135022928738017,0.9714007079601288,1.963475912809372,3.483500227332115,0.02199854919075772,-0.08650023968627696,0.1047297303784287,0.10598296967482446,0.0020948453173186277,0.0602842970531039
2004-02-29,0.01220897373761054,1.253007173538208,14.550000190734863,0.031216633834876717,0.022959945186728614,1.01,0.01688453159041381,0.016654238130748178,5.6,1.0,2.33,0.35835763812065125,0.0602842970531039,0.3388316531976064,0.33051695426305133,0.30141544093688327,0.020903502631081053,0.07972263468450229,1.0164949595928192,1.983101725578308,3.6169852912425995,0.055685164033693946,0.02199854919075772,-0.08650023968627696,0.07257935902035717,0.04526374117312959,0.13043425470042913
2004-03-31,-0.01635891961786684,1.231299638748169,16.739999771118164,0.04924311048905716,0.0385613876751183,1.0,0.017400761283306032,0.017175336710737454,5.8,1.0,2.26,0.4050997495651245,0.13043425470042913,0.3671466608842214,0.3462974528471629,0.31752055138349533,0.041891914768754465,0.07614422139803542,1.1014399826526642,2.0777847170829773,3.810246616601944,0.0602842970531039,0.055685164033693946,0.02199854919075772,-0.08359139936691629,-0.057962381807419194,-0.04659766295502088
2004-04-30,-0.016790751960348183,1.198293685913086,17.190000534057617,0.04530209235514793,-0.09431310307571206,1.0,0.022925764192139875,0.02085132634176423,5.6,1.0,2.22,0.38622304797172546,-0.04659766295502088,0.38322681188583374,0.35351352393627167,0.3319526935617129,0.08914881734293686,0.07852959549685425,1.1496804356575012,2.12108114361763,3.983432322740555,0.13043425470042913,0.0602842970531039,0.055685164033693946,0.1047297303784287,0.005659585279816692,0.08843994306876923
2004-05-31,0.01208345009735412,1.2198989391326904,15.5,0.06688068294713001,0.01808785529715773,1.0,0.028977583378895444,0.024814814814814845,5.6,1.0,2.12,0.4203805923461914,0.08843994306876923,0.4039011299610138,0.3713663915793101,0.34457456568876904,0.09250133072810299,0.06030436859810692,1.2117033898830414,2.2281983494758606,4.134894788265228,-0.04659766295502088,0.13043425470042913,0.0602842970531039,-0.08650023968627696,0.26230511753276664,0.15965792954190205
2004-06-30,0.017988998771432563,1.218397855758667,14.34000015258789,-0.07096293267949094,-0.00355328400122934,1.03,0.03167667941015839,0.02404438964241673,5.6,1.0,1.92,0.4874976873397827,0.15965792954190205,0.4313671092192332,0.3992568850517273,0.3614037608106931,0.10476046174820315,0.07182677478656102,1.2941013276576996,2.3955413103103638,4.336845129728317,0.08843994306876923,-0.04659766295502088,0.13043425470042913,0.02199854919075772,0.06183747913063753,-0.006145054062586253
2004-07-31,-0.034290519520026264,1.2016053199768066,15.319999694824219,0.1821862385694215,-0.004075410286911052,1.26,0.02939575394665228,0.02346258335391438,5.5,1.0,1.82,0.48450198769569397,-0.006145054062586253,0.46412675579388935,0.42367678383986157,0.3754613846540451,0.08317546979305865,0.0791536757170947,1.392380267381668,2.5420607030391693,4.505536615848541,0.15965792954190205,0.08843994306876923,-0.04659766295502088,0.055685164033693946,0.10598296967482446,0.06648117334429715
2004-08-31,0.0022873503233691306,1.2178043127059937,15.289999961853027,0.048619637225767454,0.028362927527074033,1.43,0.025474254742547275,0.02392108508014812,5.4,1.0,1.72,0.5167122483253479,0.06648117334429715,0.49623730778694153,0.45006921887397766,0.3902930865685145,0.08311348283623468,0.07913050986206448,1.4887119233608246,2.700415313243866,4.683517038822174,-0.006145054062586253,0.15965792954190205,0.08843994306876923,0.0602842970531039,0.07257935902035717,0.12351330771636326
2004-09-30,0.009363875526838816,1.2433944940567017,13.34000015258789,0.08078591980016814,0.04130943689785771,1.61,0.025391680172879516,0.021501412949993748,5.4,1.0,1.51,0.5805330872535706,0.12351330771636326,0.5272491077582041,0.4793081084887187,0.4128027806679408,0.06498528556218285,0.07803538734701658,1.5817473232746124,2.875848650932312,4.953633368015289,0.06648117334429715,-0.006145054062586253,0.15965792954190205,0.13043425470042913,-0.08359139936691629,0.35225815831220775
2004-10-31,0.014014243690939843,1.283202886581421,16.270000457763672,0.04270747296437016,0.023405749957616573,1.76,0.03190914007571655,0.023923444976076347,5.5,1.0,1.49,0.7850306034088135,0.35225815831220775,0.6274253129959106,0.5457760343949,0.4496447791655858,0.1512422759253609,0.12215954049465332,1.882275938987732,3.2746562063694,5.39573734998703,0.12351330771636326,0.06648117334429715,-0.006145054062586253,-0.04659766295502088,0.1047297303784287,0.27957968291261426
2004-11-30,0.03859493629597055,1.3298048973083496,13.239999771118164,-0.0508113859873105,0.053208839656869955,1.93,0.03621621621621607,0.022810890360559277,5.4,1.0,1.34,1.0045092105865479,0.27957968291261426,0.7900243004163107,0.643130804101626,0.507248597840468,0.11687819936970104,0.1333451160024454,2.370072901248932,3.8587848246097565,6.086983174085617,0.35225815831220775,0.12351330771636326,0.06648117334429715,0.08843994306876923,-0.08650023968627696,-0.03952229377219352
2004-12-31,0.03245821284320516,1.3565024137496948,13.289999961853027,-0.11561164627903975,-0.030578303049499378,2.16,0.033423180592991875,0.023597016750213973,5.4,1.0,1.16,0.9648087024688721,-0.03952229377219352,0.9181161721547445,0.7226826399564743,0.5609697625041008,0.20840671572113456,0.156920566904237,2.7543485164642334,4.336095839738846,6.73163715004921,0.27957968291261426,0.35225815831220775,0.12351330771636326,0.15965792954190205,0.02199854919075772,0.19409946521870536
2005-01-31,-0.025290467442294018,1.305193305015564,12.819999694824219,0.10932105676857651,-0.03588574218749996,2.28,0.028448738593666034,0.019482906506555597,5.3,1.0,0.85,1.152077555656433,0.19409946521870536,1.0404651562372844,0.8339452346165975,0.6288110092282295,0.16518276010485644,0.14301509732577608,3.121395468711853,5.003671407699585,7.545732110738754,-0.03952229377219352,0.27957968291261426,0.35225815831220775,-0.006145054062586253,0.055685164033693946,0.16671000474218234
2005-02-28,0.018903346132113308,1.3217023611068726,12.079999923706055,0.07365143528773777,0.034850670062718025,2.5,0.030530262453133394,0.020782396088019572,5.4,1.0,0.77,1.3441404104232788,0.16671000474218234,1.1536755561828613,0.9718499282995859,0.7109595735867819,0.12771130840670775,0.13516161114704592,3.461026668548584,5.831099569797516,8.531514883041382,0.19409946521870536,-0.03952229377219352,0.27957968291261426,0.06648117334429715,0.0602842970531039,-0.07111031410051571
2005-03-31,-0.01911765556028966,1.2966973781585693,14.020000457763672,0.07053143045176635,-0.01786938784185277,2.63,0.032068412613575736,0.02186588921282806,5.2,1.0,0.7,1.2485581636428833,-0.07111031410051571,1.2482587099075317,1.0831874410311382,0.7812477747599283,0.1458566154631479,0.1701045578112406,3.744776129722595,6.499124646186829,9.37497329711914,0.16671000474218234,0.19409946521870536,-0.03952229377219352,0.12351330771636326,0.13043425470042913,-0.13462890019873652
2005-04-30,-0.020108582083263493,1.292306900024414,15.3100004196167,-0.1025270784969653,0.014695562429623443,2.79,0.03361792956243326,0.020908871162678366,5.2,1.0,0.55,1.0804661512374878,-0.13462890019873652,1.2243882417678833,1.1324266990025837,0.8391013666987419,0.1588491162840553,0.16873309128576494,3.67316472530365,6.794560194015503,10.069216400384903,-0.07111031410051571,0.16671000474218234,0.19409946521870536,0.35225815831220775,-0.04659766295502088,0.10260628025906238
2005-05-31,0.02995204663120865,1.2307995557785034,13.289999961853027,0.05758285258328333,0.00036206398448723753,3.0,0.02869287991498415,0.01987712323816404,5.1,1.0,0.4,1.191328763961792,0.10260628025906238,1.173451026280721,1.1635632912317913,0.9033470476667086,0.12280919942648966,0.13623995535713693,3.520353078842163,6.981379747390747,10.840164572000504,-0.13462890019873652,-0.07111031410051571,0.16671000474218234,0.27957968291261426,0.08843994306876923,-0.07419465877627562
2005-06-30,-0.00014271417986777557,1.2091021537780762,12.039999961853027,0.07449133246481021,0.001706269722869358,3.04,0.02541026998411855,0.02046959662853709,5.0,1.0,0.28,1.1029385328292847,-0.07419465877627562,1.1249111493428547,1.1865849296251934,0.9546337847908338,0.12328246727666384,0.1407625010805863,3.3747334480285645,7.11950957775116,11.455605417490005,0.10260628025906238,-0.13462890019873652,-0.07111031410051571,-0.03952229377219352,0.15965792954190205,0.15865208824054244
2005-07-31,0.03596828690361842,1.2124004364013672,11.569999694824219,0.07203539282874716,-0.013764625106704731,3.26,0.03067160232681121,0.021476833976834087,5.0,1.0,0.26,1.2779220342636108,0.15865208824054244,1.1907297770182292,1.2075590093930562,1.0207521220048268,0.12153004582707684,0.13306002825093807,3.5721893310546875,7.245354056358337,12.249025464057922,-0.07419465877627562,0.10260628025906238,-0.13462890019873652,0.19409946521870536,-0.006145054062586253,0.0994142996628633
2005-08-31,-0.011222104598600069,1.234095573425293,12.600000381469727,0.13818726743855758,0.009071863112013467,3.5,0.03646934460887952,0.021917148362234906,4.9,1.0,0.18,1.4049657583236694,0.0994142996628633,1.2619421084721882,1.2176965673764546,1.0947732478380203,0.12101431984288101,0.1209807777471985,3.785826325416565,7.306179404258728,13.137278974056244,0.15865208824054244,-0.07419465877627562,0.10260628025906238,0.16671000474218234,0.06648117334429715,0.14331401586684622
2005-09-30,0.00694902431673361,1.2028049230575562,11.920000076293945,-0.03916455587496559,0.08114341447107298,3.62,0.04741833508956805,0.025980274236228063,5.0,1.0,0.16,1.6063170433044434,0.14331401586684622,1.4297349452972412,1.277323047320048,1.1802552441755931,0.03074507316222884,0.12266231727853949,4.289204835891724,7.663938283920288,14.163062930107117,0.0994142996628633,0.15865208824054244,-0.07419465877627562,-0.07111031410051571,0.12351330771636326,0.0742396675741408
2005-10-31,-0.01774077993231349,1.1988970041275024,15.319999694824219,-0.0978260832007154,-0.00831555201809031,3.78,0.04350104821802936,0.02468248262640782,5.0,1.0,0.17,1.725569486618042,0.0742396675741408,1.5789507627487183,1.3848402698834736,1.2586334844430287,0.03495762381239797,0.08342145412674279,4.736852288246155,8.309041619300842,15.103601813316345,0.14331401586684622,0.0994142996628633,0.15865208824054244,-0.13462890019873652,0.35225815831220775,0.17763479226363899
2005-11-30,0.035186096519093324,1.1804981231689453,12.0600004196167,-0.040829964779797945,0.06342721912034177,4.0,0.03338549817423053,0.023141486810551504,5.0,1.0,0.07,2.032090663909912,0.17763479226363899,1.7879923979441326,1.5249672532081604,1.3442652722199757,0.05266202473335272,0.09195430402410285,5.3639771938323975,9.149803519248962,16.13118326663971,0.0742396675741408,0.14331401586684622,0.0994142996628633,0.10260628025906238,0.27957968291261426,0.06001204241690283
2005-12-31,-0.0009523493171964548,1.184399127960205,12.069999694824219,0.06489883531941176,0.04549124384303549,4.16,0.03338549817423053,0.02269469660774015,4.9,1.25,-0.02,2.154040575027466,0.06001204241690283,1.9705669085184734,1.7001509269078572,1.4433679282665253,0.06419772634691419,0.04789170057217558,5.91170072555542,10.200905561447144,17.320415139198303,0.17763479226363899,0.0742396675741408,0.14331401586684622,-0.07419465877627562,-0.03952229377219352,0.05035451643612787
2006-01-31,0.025466771341108085,1.2148454189300537,12.949999809265137,0.002434951913191874,0.03175807792245822,4.29,0.04018789144050117,0.02451923076923057,4.7,1.25,-0.01,2.2625062465667725,0.05035451643612787,2.1495458285013833,1.8642482956250508,1.5359036525090535,0.07086212870109651,0.050252955710286214,6.44863748550415,11.185489773750305,18.430843830108643,0.06001204241690283,0.17763479226363899,0.0742396675741408,0.15865208824054244,0.19409946521870536,-0.09296802544332827
2006-02-28,0.0004531577283561905,1.1930042505264282,12.34000015258789,0.0036178202304957274,0.05262743548413118,4.49,0.0363825363825363,0.02371257485029954,4.8,1.25,-0.14,2.0521655082702637,-0.09296802544332827,2.1562374432881675,1.97211492061615,1.5949057439963024,0.0856713876598433,0.0938224824957846,6.468712329864502,11.8326895236969,19.138868927955627,0.05035451643612787,0.06001204241690283,0.17763479226363899,0.0994142996628633,0.16671000474218234,-0.08424564845668947
2006-03-31,0.011095810408889628,1.2115044593811035,11.390000343322754,0.08500240056955222,0.03596868426847033,4.59,0.03417918177110302,0.022111269614836004,4.7,1.5,0.04,1.8792794942855835,-0.08424564845668947,2.0646504163742065,2.01760866244634,1.647465854883194,0.08034782226903579,0.10318643342025198,6.19395124912262,12.10565197467804,19.769590258598328,-0.09296802544332827,0.05035451643612787,0.06001204241690283,0.14331401586684622,-0.07111031410051571,0.12229022364688236
2006-04-30,0.01215565291784415,1.2624987363815308,11.59000015258789,0.07879333958295609,0.12031626240753579,4.79,0.03613835828600931,0.024624126908961763,4.7,1.5,0.2,2.1090970039367676,0.12229022364688236,2.013514002164205,2.081529915332794,1.733185092608134,0.12183955305186094,0.10893319589816744,6.040542006492615,12.489179491996765,20.798221111297607,-0.08424564845668947,-0.09296802544332827,0.05035451643612787,0.0742396675741408,-0.13462890019873652,-0.1508739803807151
2006-05-31,-0.030916916538203165,1.2816076278686523,16.440000534057617,-0.008208074018291267,-0.014268161962474157,4.94,0.03977272727272729,0.02515946137491154,4.6,1.5,0.08,1.7908891439437866,-0.1508739803807151,1.926421880722046,2.0413296620051065,1.7831484576066334,0.14242839337868007,0.10777515527554037,5.779265642166138,12.24797797203064,21.397781491279602,0.12229022364688236,-0.08424564845668947,-0.09296802544332827,0.17763479226363899,0.10260628025906238,-0.04182714488326522
2006-06-30,8.659650459597046e-05,1.2782983779907227,13.079999923706055,0.037733236174224194,-0.045136186770427966,4.99,0.041817243159525175,0.024778761061946764,4.6,1.75,-0.01,1.715981364250183,-0.04182714488326522,1.8719891707102458,1.968319793542226,1.8342353602250416,0.1375041849952813,0.10124960688043204,5.615967512130737,11.809918761253357,22.0108243227005,-0.1508739803807151,0.12229022364688236,-0.08424564845668947,0.06001204241690283,-0.07419465877627562,0.18666008553845703
2006-07-31,0.0050858788034533475,1.277400255203247,14.949999809265137,0.005677185048491129,0.03374085119320491,5.24,0.041046690610569536,0.024686983227025783,4.7,1.75,0.02,2.0362865924835205,0.18666008553845703,1.8477190335591633,1.930616517861684,1.8974324067433674,0.1722531433935364,0.13373876964951317,5.54315710067749,11.583699107170105,22.76918888092041,-0.04182714488326522,-0.1508739803807151,0.12229022364688236,0.05035451643612787,0.15865208824054244,-0.0016190511315971046
2006-08-31,0.02127419311502643,1.2809016704559326,12.3100004196167,-0.055645151945439175,-0.013087334647132187,5.25,0.03926568077511483,0.023214706575536148,4.7,2.0,-0.05,2.032989740371704,-0.0016190511315971046,1.9284192323684692,1.9274205565452576,1.9497677385807037,0.1219782347894855,0.12747975169957387,5.785257697105408,11.564523339271545,23.397212862968445,0.18666008553845703,-0.04182714488326522,-0.1508739803807151,-0.09296802544332827,0.0994142996628633,0.13456152162718404
2006-09-30,0.024566297967782313,1.2690999507904053,11.979999542236328,-0.10461147260666304,-0.04361726755591999,5.25,0.02012072434607637,0.017936694021102095,4.5,2.0,-0.07,2.306551933288574,0.13456152162718404,2.1252760887145996,1.9986326297124226,2.0081206460793815,0.09721834708852334,0.12811663852015118,6.375828266143799,11.991795778274536,24.097447752952576,-0.0016190511315971046,0.18666008553845703,-0.04182714488326522,-0.08424564845668947,0.14331401586684622,0.05326067406903601
2006-10-31,0.03150800358539563,1.2766989469528198,11.100000381469727,0.006162780427395376,0.03308874242897919,5.25,0.014063284781516971,0.016136576239476286,4.4,2.25,-0.1,2.4294004440307617,0.05326067406903601,2.2563140392303467,2.052016536394755,2.0667732258637748,0.06851613003359129,0.12238533302622417,6.76894211769104,12.31209921836853,24.801278710365295,0.13456152162718404,-0.0016190511315971046,0.18666008553845703,0.12229022364688236,0.0742396675741408,0.13048807200722612
2006-11-30,0.016466656343095964,1.325100064277649,10.90999984741211,-0.002649374212361555,0.046075049619350716,5.25,0.01968702675416467,0.018867924528301883,4.5,2.25,-0.16,2.746408224105835,0.13048807200722612,2.494120200475057,2.211269716421763,2.1262996892134347,0.04580846318782714,0.088390045140007,7.482360601425171,13.267618298530579,25.51559627056122,0.05326067406903601,0.13456152162718404,-0.0016190511315971046,-0.1508739803807151,0.17763479226363899,-0.07440496885610204
2006-12-31,0.012615782814670462,1.3198009729385376,11.5600004196167,-0.032947913763068604,-0.01808627572340671,5.24,0.025239777889954462,0.01927119831814994,4.4,2.5,-0.11,2.5420618057250977,-0.07440496885610204,2.5726234912872314,2.3489497900009155,2.1586347917715707,0.10347604035879833,0.09765809905580951,7.717870473861694,14.093698740005493,25.90361750125885,0.13048807200722612,0.05326067406903601,0.13456152162718404,-0.04182714488326522,0.06001204241690283,0.010490162424569904
2007-01-31,0.014059043023177953,1.3023037910461426,10.420000076293945,-0.04766584576213373,0.026448342994510377,5.25,0.020757651781234232,0.018653214453308253,4.6,2.5,-0.11,2.568728446960449,0.010490162424569904,2.6190661589304605,2.437690099080404,2.184153308471044,0.10294645842507276,0.08120355256420916,7.857198476791382,14.626140594482422,26.209839701652527,-0.07440496885610204,0.13048807200722612,0.05326067406903601,0.18666008553845703,0.05035451643612787,-0.013064473194240867
2007-02-28,-0.021846175991944383,1.322891354560852,15.420000076293945,0.06277952466798231,0.02668715400929833,5.26,0.02420260782347028,0.018717828731867003,4.5,2.5,-0.09,2.5351693630218506,-0.013064473194240867,2.5486532052357993,2.521386702855428,2.2244036297003427,0.04382666726689823,0.08255990370391389,7.6459596157073975,15.128320217132568,26.692843556404114,0.010490162424569904,-0.07440496885610204,0.13048807200722612,-0.0016190511315971046,-0.09296802544332827,0.09809756565030647
2007-03-31,0.009979982939206433,1.3358982801437378,14.640000343322754,0.06603013061340501,-0.009560836839921816,5.26,0.027981972959439272,0.01953942777390072,4.4,2.75,0.07,2.7838633060455322,0.09809756565030647,2.629253705342611,2.600938598314921,2.299785614013672,0.05857598603405163,0.07524454612707865,7.887761116027832,15.605631589889526,27.597427368164062,-0.013064473194240867,0.010490162424569904,-0.07440496885610204,0.13456152162718404,-0.08424564845668947,0.07415764267127911
2007-04-30,0.043290690426759815,1.3652063608169556,14.220000267028809,-0.01244542782462199,-0.0016546003016590927,5.25,0.025929247633283525,0.019295205083766698,4.5,2.75,0.03,2.9903080463409424,0.07415764267127911,2.769780238469442,2.694423198699951,2.3732198675473533,0.05850614823585729,0.07677441150758652,8.309340715408325,16.166539192199707,28.478638410568237,0.09809756565030647,-0.013064473194240867,0.010490162424569904,0.05326067406903601,0.12229022364688236,0.21432881997910913
2007-05-31,0.032549228707361655,1.3456052541732788,13.050000190734863,-0.01599103288624104,-0.0013642482357687502,5.25,0.02709885742672613,0.01889618619656641,4.4,2.75,-0.02,3.6312172412872314,0.21432881997910913,3.135129531224569,2.841891368230184,2.5265805423259735,0.07497864511862873,0.1008962880563194,9.405388593673706,17.051348209381104,30.318966507911682,0.07415764267127911,0.09809756565030647,-0.013064473194240867,0.13048807200722612,-0.1508739803807151,0.007013328383593143
2007-06-30,-0.01781632254788501,1.3536012172698975,16.229999542236328,0.10420243628097015,-0.01951592195773444,5.25,0.02692765113974227,0.01922855497985032,4.6,3.0,0.16,3.656684160232544,0.007013328383593143,3.4260698159535727,3.027661760648092,2.6883057753245034,0.10577966955305187,0.08474204595501611,10.278209447860718,18.16597056388855,32.25966930389404,0.21432881997910913,0.07415764267127911,0.09809756565030647,-0.07440496885610204,-0.04182714488326522,0.07964670317257116
2007-07-31,-0.03198187836198829,1.3672035932540894,23.520000457763672,0.019317704318649653,0.018239099653716506,5.26,0.023178905864958077,0.017982708933717673,4.7,3.0,0.22,3.9479269981384277,0.07964670317257116,3.745276133219401,3.2575281858444214,2.8476091424624124,0.10519394213880737,0.08040968514344177,11.235828399658203,19.54516911506653,34.17130970954895,0.007013328383593143,0.21432881997910913,0.07415764267127911,0.010490162424569904,0.18666008553845703,0.05100150336926457
2007-08-31,0.012863572018857905,1.3642005920410156,23.3799991607666,0.027685680658256828,0.01981944749980924,5.02,0.01897448478900876,0.01773580559714394,4.6,3.0,0.39,4.149277210235596,0.05100150336926457,3.9179627895355225,3.5265461603800454,3.023966431617737,0.036585776251565325,0.06963863934177592,11.753888368606567,21.159276962280273,36.28759717941284,0.07964670317257116,0.007013328383593143,0.21432881997910913,-0.013064473194240867,-0.0016190511315971046,0.10824641031342863
2007-09-30,0.03579400817860079,1.427001714706421,18.0,0.10291737780062604,0.10371469211436657,4.94,0.028338264299802685,0.02165150293677298,4.7,3.0,0.62,4.598421573638916,0.10824641031342863,4.2318752606709795,3.8289725383122764,3.2149555683135986,0.028622456484842358,0.07007309227170298,12.69562578201294,22.973835229873657,38.579466819763184,0.05100150336926457,0.07964670317257116,0.007013328383593143,0.09809756565030647,0.13456152162718404,0.23770164821416584
2007-10-31,0.014822338223554832,1.4471989870071411,18.530000686645508,0.15760463556235726,0.06623588181956741,4.76,0.03610698365527476,0.02589182968929804,4.7,3.0,0.54,5.691473960876465,0.23770164821416584,4.813057581583659,4.27916685740153,3.4867950280507407,0.09564916977866691,0.0916120093360605,14.439172744750977,25.67500114440918,41.84154033660889,0.10824641031342863,0.05100150336926457,0.07964670317257116,0.07415764267127911,0.05326067406903601,-0.04069526133208712
2007-11-30,-0.04404341737941575,1.469594120979309,22.8700008392334,-0.06156775383455171,-0.012373721960819095,4.49,0.04373267326732666,0.030940878766965607,4.7,3.0,0.93,5.459857940673828,-0.04069526133208712,5.249917825063069,4.583940307299296,3.71291583776474,0.1393120713945263,0.09609774508475506,15.749753475189209,27.503641843795776,44.55499005317688,0.23770164821416584,0.10824641031342863,0.05100150336926457,0.21432881997910913,0.13048807200722612,0.08703797119898504
2007-12-31,-0.008628508561297932,1.4601097106933594,22.5,0.08195247827179197,0.06737408768165909,4.24,0.04108813392417532,0.03105305374126277,5.0,3.0,0.99,5.935072898864746,0.08703797119898504,5.695468266805013,4.963671763737996,3.995666762193044,0.1393557566742258,0.09035296754662238,17.08640480041504,29.78203058242798,47.94800114631653,-0.04069526133208712,0.23770164821416584,0.10824641031342863,0.007013328383593143,-0.07440496885610204,-0.31663960471609054
2008-01-31,-0.06116343227776988,1.4865025281906128,26.200000762939453,-0.04407171503425478,0.1051622771895202,3.94,0.04294695655165981,0.032707589542784854,5.0,3.0,1.5,4.055793762207031,-0.31663960471609054,5.150241533915202,4.981649557749431,4.119588871796926,0.20632363115388147,0.18848839818077348,15.450724601745605,29.889897346496582,49.43506646156311,0.08703797119898504,-0.04069526133208712,0.23770164821416584,0.07964670317257116,0.010490162424569904,-0.07638905871132673
2008-02-29,-0.03476119273728817,1.519202709197998,26.540000915527344,0.10997271212959814,0.053538487835006254,2.98,0.04142959270611968,0.03330271015158481,4.9,3.0,1.88,3.7459754943847656,-0.07638905871132673,4.578947385152181,4.914432605107625,4.2204893827438354,0.20305348402886572,0.19159692505475187,13.736842155456543,29.486595630645752,50.645872592926025,-0.31663960471609054,0.08703797119898504,-0.04069526133208712,0.05100150336926457,-0.013064473194240867,0.147816412674328
2008-03-31,-0.005959623397817415,1.5757957696914673,25.610000610351562,-0.0025529705045679307,-0.05750433575025271,2.61,0.03974903550134434,0.03661875427789196,5.1,3.0,1.83,4.299692153930664,0.147816412674328,4.033820470174153,4.864644368489583,4.3468084534009295,0.23227419513189568,0.19668659517987994,12.101461410522461,29.1878662109375,52.16170144081116,-0.07638905871132673,-0.31663960471609054,0.08703797119898504,0.10824641031342863,0.09809756565030647,0.2121947524638721
2008-04-30,0.047546697641229096,1.5622069835662842,20.790000915527344,0.11695212678944888,-0.05828424329031312,2.28,0.039037609759888126,0.03343912944910454,5.0,3.0,1.48,5.212064266204834,0.2121947524638721,4.419243971506755,4.7847427527109785,4.531954805056254,0.1514888775376619,0.19087920346442477,13.257731914520264,28.70845651626587,54.38345766067505,0.147816412674328,-0.07638905871132673,-0.31663960471609054,0.23770164821416584,0.07415764267127911,0.0850821797483754
2008-05-31,0.01067418170406853,1.555790662765503,17.829999923706055,0.12242199455075897,0.028395920661369756,1.98,0.04088413823123993,0.03743073617550596,5.4,3.0,1.4,5.655518054962158,0.0850821797483754,5.055758158365886,4.817352771759033,4.700646539529164,0.06355805844163004,0.19212594487631837,15.167274475097656,28.9041166305542,56.407758474349976,0.2121947524638721,0.147816412674328,-0.07638905871132673,-0.04069526133208712,0.21432881997910913,-0.11290056448806751
2008-06-30,-0.08596238482631446,1.57500159740448,23.950000762939453,-0.01686382953434218,0.010094685250024993,2.0,0.04935966105947864,0.04032986895616819,5.6,3.0,1.36,5.017006874084473,-0.11290056448806751,5.294863065083821,4.664341767628987,4.814006765683492,0.1638300635118736,0.19613307373132338,15.884589195251465,27.986050605773926,57.768081188201904,0.0850821797483754,0.2121947524638721,0.147816412674328,0.08703797119898504,0.007013328383593143,-0.05070491395367893
2008-07-31,-0.009859371185302779,1.5593082904815674,22.940000534057617,-0.008964589089037633,0.01968522698815911,2.01,0.054975120783418374,0.04121843505831735,5.8,3.25,1.47,4.762619972229004,-0.05070491395367893,5.145048300425212,4.782146135965983,4.881897846857707,0.10124524744141424,0.1328587039194689,15.435144901275635,28.6928768157959,58.58277416229248,-0.11290056448806751,0.0850821797483754,0.2121947524638721,-0.31663960471609054,0.07964670317257116,0.06656178682727099
2008-08-31,0.012190464669121548,1.4695078134536743,20.649999618530273,-0.06947132994339322,-0.09257034069490722,2.0,0.053080171620912386,0.039040398325223435,6.1,3.25,1.47,5.0796284675598145,0.06656178682727099,4.953085104624431,5.004421631495158,4.959427118301392,0.09112858460903357,0.12138658836608593,14.859255313873291,30.026529788970947,59.5131254196167,-0.05070491395367893,-0.11290056448806751,0.0850821797483754,-0.07638905871132673,0.05100150336926457,-0.3295580494544462
2008-09-30,-0.09079143354379215,1.409641981124878,39.38999938964844,-0.1283561390294281,0.054142077746263784,1.81,0.04953319875136075,0.03708713786495332,6.1,3.25,1.85,3.4055960178375244,-0.3295580494544462,4.415948152542114,4.855405608812968,4.860024988651276,0.20347869462039214,0.18859194633189869,13.247844457626343,29.132433652877808,58.32029986381531,0.06656178682727099,-0.05070491395367893,-0.11290056448806751,0.147816412674328,0.10824641031342863,-0.05340495606830109
2008-10-31,-0.16942452401777075,1.2701960802078247,59.88999938964844,-0.3262122618259027,-0.18005035714502649,0.97,0.03731057889956513,0.03230510375771156,6.5,3.25,2.45,3.2237203121185303,-0.05340495606830109,3.9029815991719565,4.524014949798584,4.654378851254781,0.20312700258851357,0.14996889194600027,11.70894479751587,27.144089698791504,55.85254621505737,-0.3295580494544462,0.06656178682727099,-0.05070491395367893,0.2121947524638721,0.23770164821416584,-0.1386746193754237
2008-11-30,-0.0748490423387097,1.2675074338912964,55.279998779296875,-0.1973159966840654,0.1386719114213657,0.39,0.010999174706166848,0.021867678232734722,6.8,2.75,1.93,2.776672124862671,-0.1386746193754237,3.135329484939575,4.0442072947820025,4.430780033270518,0.1414024577497273,0.1316395199104266,9.405988454818726,24.265243768692017,53.169360399246216,-0.05340495606830109,-0.3295580494544462,0.06656178682727099,0.0850821797483754,-0.04069526133208712,-0.07899035282474376
2008-12-31,0.007821576633499472,1.3979953527450562,40.0,-0.18059896703913758,0.08257775345611007,0.16,-0.0002222800255385904,0.01655923538564119,7.3,2.0,1.49,2.5573418140411377,-0.07899035282474376,2.852578083674113,3.6342631181081138,4.14930244286855,0.043756408447577694,0.1318630416591992,8.557734251022339,21.80557870864868,49.79162931442261,-0.1386746193754237,-0.05340495606830109,-0.3295580494544462,-0.11290056448806751,0.08703797119898504,0.056005214860824326
2009-01-31,-0.08565734305805428,1.2850992679595947,44.84000015258789,-0.06547081320282166,0.04945678294983269,0.15,-0.0011358601902212717,0.011821121891379516,7.8,1.0,1.93,2.700566291809082,0.056005214860824326,2.6781934102376304,3.2905875047047934,4.036366820335388,0.0997382013295262,0.14588173014273667,8.03458023071289,19.74352502822876,48.43640184402466,-0.07899035282474376,-0.1386746193754237,-0.05340495606830109,-0.05070491395367893,-0.31663960471609054,-0.009098175721082624
2009-02-28,-0.10993119762019943,1.2678931951522827,46.349998474121094,0.051302975448591415,-0.011222360879981408,0.22,8.463140671510772e-05,0.012447210491220106,8.3,1.0,2.02,2.6759960651397705,-0.009098175721082624,2.64463472366333,2.8899821043014526,3.9472018678983054,0.06751193867297202,0.13345331601724467,7.93390417098999,17.339892625808716,47.36642241477966,0.056005214860824326,-0.07899035282474376,-0.1386746193754237,0.06656178682727099,-0.07638905871132673,0.1770240060955417
2009-03-31,0.08540446199532292,1.3246963024139404,44.13999938964844,0.0872473835551506,-0.011045439229463105,0.18,-0.004464787676623838,0.0062726972598217134,8.7,0.5,1.9,3.1497116088867188,0.1770240060955417,2.8420913219451904,2.847334702809652,3.85137015581131,0.09445057425390369,0.11181120618482188,8.526273965835571,17.08400821685791,46.21644186973572,-0.009098175721082624,0.056005214860824326,-0.07899035282474376,-0.3295580494544462,0.147816412674328,0.19701293966897504
2009-04-30,0.09392507914826331,1.323521614074707,36.5,0.073017630494292,-0.017717899769023826,0.15,-0.005763244243767063,0.00647142700449721,9.0,0.25,2.25,3.7702455520629883,0.19701293966897504,3.198651075363159,2.9384222428003945,3.7312185962994895,0.11366824235241005,0.13561270178083532,9.595953226089478,17.630533456802368,44.77462315559387,0.1770240060955417,-0.009098175721082624,0.056005214860824326,-0.05340495606830109,0.2121947524638721,0.07931347003798517
2009-05-31,0.05308144638516654,1.4120903015136719,28.920000076293945,0.29714395430541796,0.09891094013531898,0.18,-0.01015761495855172,0.0006540222367561466,9.4,0.25,2.55,4.069276809692383,0.07931347003798517,3.66307799021403,3.15385635693868,3.5990318258603415,0.06298157332833478,0.10613519539274645,10.98923397064209,18.92313814163208,43.1883819103241,0.19701293966897504,0.1770240060955417,-0.009098175721082624,-0.1386746193754237,0.0850821797483754,0.04874411347132113
2009-06-30,0.00019582726560996022,1.4038830995559692,26.350000381469727,0.053988869896900216,-0.05281979245178192,0.21,-0.012291746182109153,-0.0010858942339017075,9.5,0.25,2.42,4.267630100250244,0.04874411347132113,4.035717487335205,3.4389044046401978,3.5365837613741555,0.07828505129157402,0.07975435553205047,12.107152462005615,20.633426427841187,42.43900513648987,0.07931347003798517,0.19701293966897504,0.1770240060955417,-0.07899035282474376,-0.11290056448806751,0.14716081319179075
2009-07-31,0.07414172714778422,1.4260046482086182,25.920000076293945,-0.006295642370136023,0.028691659283328397,0.16,-0.01958761003762277,-0.006199021207177857,9.5,0.25,2.39,4.895658016204834,0.14716081319179075,4.410854975382487,3.8047530253728232,3.5476702650388083,0.050371278717471504,0.08032072498471822,13.232564926147461,22.82851815223694,42.5720431804657,0.04874411347132113,0.07931347003798517,0.19701293966897504,0.056005214860824326,-0.05070491395367893,0.029499444771221572
2009-08-31,0.03356018886854417,1.434267520904541,26.010000228881836,0.0073434436089399036,-0.0020970954958590138,0.16,-0.014838355663267633,-0.0014158135482464917,9.6,0.25,2.43,5.040077209472656,0.029499444771221572,4.734455108642578,4.198766549428304,3.544374326864878,0.06311418445411275,0.07008574401919834,14.203365325927734,25.192599296569824,42.53249192237854,0.14716081319179075,0.04874411347132113,0.07931347003798517,-0.009098175721082624,0.06656178682727099,0.10189664750769367
2009-09-30,0.03572334572311964,1.465502142906189,25.610000610351562,0.009291045374286933,0.05915728388235153,0.15,-0.01377942862886472,-0.0031521739130435655,9.8,0.25,2.36,5.553644180297852,0.10189664750769367,5.163126468658447,4.599421977996826,3.723378340403239,0.0593498066238694,0.06270962240263396,15.489379405975342,27.596531867980957,44.68054008483887,0.029499444771221572,0.14716081319179075,0.04874411347132113,0.1770240060955417,-0.3295580494544462,0.016994658463465928
2009-10-31,-0.019762000526814205,1.4732965230941772,30.690000534057617,0.09049708730227168,0.0314483642578125,0.12,-0.002239682942003385,-0.0011952624144300206,10.0,0.25,2.51,5.648026466369629,0.016994658463465928,5.413915952046712,4.9123854637146,3.9254038532574973,0.045836798150857415,0.04890282377385363,16.241747856140137,29.474312782287598,47.104846239089966,0.10189664750769367,0.029499444771221572,0.14716081319179075,0.19701293966897504,-0.05340495606830109,0.060530765899211136
2009-11-30,0.05736406145372763,1.5038950443267822,24.510000228881836,0.007331950794566833,0.01858834641154128,0.12,0.019145871744709275,0.004694835680751019,9.9,0.25,2.54,5.989905834197998,0.060530765899211136,5.730525493621826,5.232490301132202,4.193173329035441,0.04245561713046134,0.048834730925173694,17.19157648086548,31.394941806793213,50.31807994842529,0.016994658463465928,0.10189664750769367,0.029499444771221572,0.07931347003798517,-0.1386746193754237,0.05412393805541149
2009-12-31,0.017770570919338313,1.4327058792114258,21.68000030517578,0.0231476900569223,0.034157507432849066,0.12,0.028141231232083674,0.009183338799606533,9.9,0.25,2.71,6.314103126525879,0.05412393805541149,5.984011809031169,5.573569138844808,4.506236771742503,0.023505401849694515,0.04847015155558206,17.952035427093506,33.44141483306885,54.074841260910034,0.060530765899211136,0.016994658463465928,0.10189664750769367,0.04874411347132113,-0.07899035282474376,-0.08859676985483811
2010-01-31,-0.03697424569226215,1.387694001197815,24.6200008392334,-0.08152723249675975,-0.011139473809162359,0.11,0.026211113889767157,0.00914802160255701,9.8,0.25,2.81,5.754693984985352,-0.08859676985483811,6.019567648569743,5.7167418003082275,4.760747412840526,0.08431021075913459,0.06467250896204584,18.05870294570923,34.300450801849365,57.128968954086304,0.05412393805541149,0.060530765899211136,0.016994658463465928,0.14716081319179075,0.056005214860824326,0.06539628725037838
2010-02-28,0.028513689046546054,1.3637913465499878,19.5,0.092879741105093,0.032594689591989745,0.13,0.02151336357866529,0.008232711306256801,9.8,0.25,2.8,6.1310296058654785,0.06539628725037838,6.066608905792236,5.898567199707031,5.048666874567668,0.08583912080105295,0.06635808117287974,18.19982671737671,35.39140319824219,60.58400249481201,-0.08859676985483811,0.05412393805541149,0.060530765899211136,0.029499444771221572,-0.009098175721082624,0.14847024363064598
2010-03-31,0.058796425545497355,1.3508037328720093,17.59000015258789,0.05146872063315344,-0.0044710719678850985,0.16,0.022861714393279886,0.015529308836395472,9.9,0.25,2.82,7.041305065155029,0.14847024363064598,6.309009552001953,6.146510680516561,5.372966329256694,0.12028848154070267,0.07752474267477939,18.92702865600586,36.879064083099365,64.47559595108032,0.06539628725037838,-0.08859676985483811,0.05412393805541149,0.10189664750769367,0.1770240060955417,0.11102138211502699
2010-04-30,0.014759230482012997,1.3298048973083496,22.049999237060547,0.028533898384592415,0.060001728040995905,0.2,0.022067707525304403,0.016129032258064502,9.9,0.25,2.72,7.82304048538208,0.11102138211502699,6.998458385467529,6.509013017018636,5.710699240366618,0.0416039836612128,0.08069873882201826,20.995375156402588,39.054078102111816,68.52839088439941,0.14847024363064598,0.06539628725037838,-0.08859676985483811,0.016994658463465928,0.19701293966897504,-0.01612460727271947
2010-05-31,-0.08197584207319053,1.2287880182266235,32.06999969482422,-0.14138131270394683,0.027201064528451724,0.2,0.020035489292185682,0.01688453159041381,9.6,0.25,2.55,7.696897029876709,-0.01612460727271947,7.5204141934712725,6.793511549631755,6.013000925381978,0.08627474021027827,0.08619212898489605,22.56124258041382,40.76106929779053,72.15601110458374,0.11102138211502699,0.14847024363064598,0.06539628725037838,0.060530765899211136,0.07931347003798517,-0.020826855491007934
2010-06-30,-0.05388244223983851,1.223002314567566,34.540000915527344,0.022441476346092504,0.027470755790686807,0.18,0.011215605940686268,0.01478421567561683,9.4,0.25,2.36,7.536594867706299,-0.020826855491007934,7.685510794321696,6.997260173161824,6.285414656003316,0.0748021518357068,0.09007359811379707,23.056532382965088,41.98356103897095,75.4249758720398,-0.01612460727271947,0.11102138211502699,0.14847024363064598,0.05412393805541149,0.04874411347132113,0.022740793723151853
2010-07-31,0.06877784957463517,1.3040019273757935,23.5,0.043897921663274664,-0.051224447071959056,0.18,0.013407784804821077,0.017181002407529178,9.4,0.25,2.39,7.707983016967773,0.022740793723151853,7.647158304850261,7.322808345158895,6.5197750727335615,0.02391223742119087,0.0689492777334396,22.94147491455078,43.93685007095337,78.23730087280273,-0.020826855491007934,-0.01612460727271947,0.11102138211502699,-0.08859676985483811,0.14716081319179075,-0.05500453701533925
2010-08-31,-0.04744918363260475,1.266592264175415,26.049999237060547,0.003492105726500938,0.04391126333946471,0.19,0.011501775395112546,0.015705093248991053,9.5,0.25,2.0,7.284008979797363,-0.05500453701533925,7.5095289548238116,7.514971574147542,6.706769386927287,0.03896705964457701,0.0807110626984789,22.528586864471436,45.089829444885254,80.48123264312744,0.022740793723151853,-0.020826855491007934,-0.01612460727271947,0.06539628725037838,0.029499444771221572,0.1672150112656241
2010-09-30,0.08755110305113556,1.3628062009811401,23.700000762939453,0.009394710912843829,0.06015788600319949,0.19,0.011183122472331775,0.018645731108930308,9.5,0.25,2.11,8.502004623413086,0.1672150112656241,7.831332206726074,7.758421500523885,6.952466090520223,0.11276721126901383,0.08630338133386602,23.493996620178223,46.55052900314331,83.42959308624268,-0.05500453701533925,0.022740793723151853,-0.020826855491007934,0.14847024363064598,0.10189664750769367,0.06072227946657982
2010-10-31,0.03685599403554063,1.377808928489685,21.200000762939453,0.018256834590302473,0.03769683813820657,0.19,0.011666951489314625,0.01947345517841592,9.4,0.25,2.29,9.018265724182129,0.06072227946657982,8.26809310913086,7.95762570699056,7.233319362004598,0.1111417455453908,0.07960612478482956,24.804279327392578,47.74575424194336,86.79983234405518,0.1672150112656241,-0.05500453701533925,0.022740793723151853,0.11102138211502699,0.016994658463465928,0.033789722172549386
2010-11-30,-0.002290249746576656,1.3103927373886108,23.540000915527344,0.03291170692781442,0.02055856231374298,0.19,0.01084544776600338,0.01923494892414701,9.8,0.25,2.36,9.322990417480469,0.033789722172549386,8.94775358835856,8.228641271591187,7.51107641061147,0.07055538290117673,0.076826222553026,26.843260765075684,49.37184762954712,90.13291692733765,0.06072227946657982,0.1672150112656241,-0.05500453701533925,-0.01612460727271947,0.060530765899211136,0.036670211451386825
2010-12-31,0.06530004034715509,1.3301233053207397,17.75,0.08643439056367908,0.02606496432197658,0.18,0.01437793022217937,0.022207778138879863,9.3,0.25,2.69,9.66486644744873,0.036670211451386825,9.335374196370443,8.583353201548258,7.7903066873550415,0.014788294000600749,0.07193419601663129,28.006122589111328,51.50011920928955,93.4836802482605,0.033789722172549386,0.06072227946657982,0.1672150112656241,-0.020826855491007934,0.05412393805541149,0.051959243155972556
2011-01-31,0.022645574359139164,1.3572757244110107,19.530000686645508,0.008864141084858446,-0.061431235140101736,0.17,0.017007834915029774,0.023263433813892398,9.1,0.25,2.84,10.167045593261719,0.051959243155972556,9.718300819396973,8.993196964263916,8.158002654711405,0.009765442486274473,0.071163155048315,29.154902458190918,53.959181785583496,97.89603185653687,0.036670211451386825,0.033789722172549386,0.06072227946657982,0.022740793723151853,-0.08859676985483811,0.04093492869283333
2011-02-28,0.03195656372809341,1.373437762260437,18.350000381469727,0.05184942675682125,0.056605186111917005,0.16,0.02124898173333145,0.024278715296679465,9.0,0.25,2.73,10.583232879638672,0.04093492869283333,10.138381640116373,9.543067614237467,8.529019594192505,0.007889632574836481,0.050974065617057876,30.41514492034912,57.258405685424805,102.34823513031006,0.051959243155972556,0.036670211451386825,0.033789722172549386,-0.05500453701533925,0.06539628725037838,-0.013306451176878342
2011-03-31,-0.0010473129391664893,1.4121301174163818,17.739999771118164,0.10054655952627112,0.02100331693775992,0.14,0.02619241510354109,0.026814559552013728,9.0,0.25,2.67,10.442407608032227,-0.013306451176878342,10.397562026977539,9.86646811167399,8.812444806098938,0.03493630789570668,0.02577651556094799,31.192686080932617,59.198808670043945,105.74933767318726,0.04093492869283333,0.051959243155972556,0.036670211451386825,0.1672150112656241,0.14847024363064598,0.0046484556869264
2011-04-30,0.028495380666536008,1.4820963144302368,14.75,0.06755996066343695,0.08138159260482469,0.1,0.030772344447868694,0.028421278421278506,9.1,0.5,2.71,10.490948677062988,0.0046484556869264,10.505529721577963,10.111915270487467,9.034770488739014,0.027632149433424822,0.02478737492371637,31.516589164733887,60.671491622924805,108.41724586486816,-0.013306451176878342,0.04093492869283333,0.051959243155972556,0.06072227946657982,0.11102138211502699,-0.006569121909008824
2011-05-31,-0.01350095289522324,1.4322338104248047,15.449999809265137,-0.06729948919285189,-0.015088097422778723,0.09,0.034589718808965,0.02731655061596161,9.0,0.5,2.6,10.422032356262207,-0.006569121909008824,10.451796213785807,10.29508892695109,9.261865099271139,0.00907013720286221,0.027506813075581244,31.355388641357422,61.77053356170654,111.14238119125366,0.0046484556869264,-0.013306451176878342,0.04093492869283333,0.033789722172549386,-0.01612460727271947,-0.03495953119119333
2011-06-30,-0.018257461652479323,1.4478904008865356,16.520000457763672,-0.10203565907466572,-0.01972099156203333,0.09,0.03502318150636041,0.027209426888055832,9.1,0.5,2.73,10.057682991027832,-0.03495953119119333,10.323554674784342,10.360558350880941,9.4719557762146,0.02041503535333755,0.03327291555076054,30.970664024353027,62.163350105285645,113.6634693145752,-0.006569121909008824,0.0046484556869264,-0.013306451176878342,0.036670211451386825,-0.020826855491007934,0.16328541580439304
2011-07-31,-0.02147442530666621,1.4331985712051392,25.25,0.002934382568328342,0.08387139446496517,0.07,0.035798809769996165,0.02571274878967178,9.0,0.75,2.46,11.699955940246582,0.16328541580439304,10.726557095845541,10.616043408711752,9.804620186487833,0.10720512917636472,0.07189908315038274,32.17967128753662,63.69626045227051,117.655442237854,-0.03495953119119333,-0.006569121909008824,0.0046484556869264,0.051959243155972556,0.022740793723151853,-0.014469413144925669
2011-08-31,-0.05679110795232889,1.4433138370513916,31.6200008392334,-0.07199581618978301,0.12295028260667151,0.1,0.0375499603070808,0.02566305164823368,9.0,0.75,2.03,11.530664443969727,-0.014469413144925669,11.09610112508138,10.773948669433594,10.158508141835531,0.10902421990979376,0.0730947211738894,33.28830337524414,64.64369201660156,121.90209770202637,0.16328541580439304,-0.03495953119119333,-0.006569121909008824,0.04093492869283333,-0.05500453701533925,-0.009121249269484544
2011-09-30,-0.07176198808089651,1.3585848808288574,42.959999084472656,-0.10820854492210985,-0.11380911981730246,0.08,0.03812621692818685,0.029972168700492352,9.0,0.75,1.67,11.425490379333496,-0.009121249269484544,11.552036921183268,10.937795797983805,10.402131954828898,0.10111828076856032,0.07277336457339828,34.656110763549805,65.62677478790283,124.82558345794678,-0.014469413144925669,0.16328541580439304,-0.03495953119119333,-0.013306451176878342,0.1672150112656241,0.061523167448423566
2011-10-31,0.10772303843744147,1.4140071868896484,29.959999084472656,0.17664149030594833,0.06405821105522791,0.07,0.035222681306640524,0.030306264005975914,8.8,0.75,1.92,12.128422737121582,0.061523167448423566,11.694859186808268,11.210708141326904,10.661311705907186,0.04241483383497015,0.07450503347326864,35.084577560424805,67.26424884796143,127.93574047088623,-0.009121249269484544,-0.014469413144925669,0.16328541580439304,0.0046484556869264,0.06072227946657982,-0.05578344232818633
2011-11-30,-0.005058715107011391,1.3324095010757446,27.799999237060547,0.07693956412817449,0.012353583941147939,0.08,0.03451432214581729,0.030387034865124063,8.6,0.5,1.83,11.451857566833496,-0.05578344232818633,11.668590227762857,11.38234567642212,10.838717301686605,0.05906046981941885,0.08128915119972828,35.005770683288574,68.29407405853271,130.06460762023926,0.061523167448423566,-0.009121249269484544,-0.014469413144925669,-0.006569121909008824,0.033789722172549386,0.05965493582146708
2011-12-31,0.008532763666636134,1.2956053018569946,23.399999618530273,-0.015245105320765284,-0.1029504160251361,0.07,0.03062066838419386,0.02755404832556163,8.5,0.25,1.64,12.135017395019531,0.05965493582146708,11.905099232991537,11.728568077087402,11.044563213984171,0.06719418394538353,0.07797437281524573,35.71529769897461,70.37140846252441,132.53475856781006,-0.05578344232818633,0.061523167448423566,-0.009121249269484544,-0.03495953119119333,0.036670211451386825,0.1271108118456319
2012-01-31,0.043583062704985354,1.3139568567276,19.440000534057617,0.031113619769758127,0.039403554944970054,0.08,0.030087663379855023,0.0265770092859432,8.3,0.25,1.61,13.677509307861328,0.1271108118456319,12.421461423238119,12.058160305023193,11.337101856867472,0.09249019999420402,0.06655817706522456,37.264384269714355,72.34896183013916,136.04522228240967,0.05965493582146708,-0.05578344232818633,0.061523167448423566,0.16328541580439304,0.051959243155972556,0.18831092766736468
2012-02-29,0.04058946376811723,1.3477997779846191,18.43000030517578,0.05068486085292845,0.05063101791114355,0.1,0.028981784423473878,0.027423469387755084,8.3,0.25,1.68,16.25313377380371,0.18831092766736468,14.021886825561523,12.845238526662191,11.809593598047892,0.06435333923559922,0.08846553098037749,42.06566047668457,77.07143115997314,141.7151231765747,0.1271108118456319,0.05965493582146708,-0.05578344232818633,-0.014469413144925669,0.04093492869283333,0.10528341667133145
2012-03-31,0.03133231453144192,1.334507703781128,15.5,-0.03782575010088085,-0.02374406398400397,0.13,0.025828752813320977,0.026848453067645606,8.2,0.25,1.9,17.964319229125977,0.10528341667133145,15.964987436930338,13.935043334960938,12.436419566472372,0.04304156312775866,0.08219025939456195,47.894962310791016,83.61026000976562,149.23703479766846,0.18831092766736468,0.1271108118456319,0.05965493582146708,-0.009121249269484544,-0.013306451176878342,-0.025969379125733383
2012-04-30,-0.007497452372495994,1.3241524696350098,17.149999618530273,-0.06348475328179881,-0.02446910567429117,0.14,0.022731633741348567,0.02575868182292207,8.2,0.25,1.68,17.4977970123291,-0.025969379125733383,17.23841667175293,14.829939047495523,13.020323594411215,0.10804082088581664,0.0933449319047805,51.71525001525879,88.97963428497314,156.24388313293457,0.10528341667133145,0.18831092766736468,0.1271108118456319,0.061523167448423566,0.0046484556869264,-0.01070233603320736
2012-05-31,-0.06265072571454366,1.2374706268310547,24.059999465942383,-0.10312831332647765,-0.04043946176271784,0.16,0.01737942937466075,0.024296141814389882,8.2,0.25,1.32,17.310529708862305,-0.01070233603320736,17.59088198343913,15.806384404500326,13.594365040461222,0.07177868049285659,0.08275327890957487,52.77264595031738,94.83830642700195,163.13238048553467,-0.025969379125733383,0.10528341667133145,0.18831092766736468,-0.05578344232818633,-0.006569121909008824,0.010852713007466264
2012-06-30,0.03955498222833631,1.266496181488037,17.079999923706055,-0.01814399303100256,0.02617434087615811,0.16,0.01653870448297634,0.023568672437167537,8.2,0.25,1.34,17.498395919799805,0.010852713007466264,17.435574213663738,16.70028082529704,14.21442445119222,0.018500311767646917,0.08674135428219322,52.30672264099121,100.20168495178223,170.57309341430664,-0.01070233603320736,-0.025969379125733383,0.10528341667133145,0.05965493582146708,-0.03495953119119333,0.04582176602011789
2012-07-31,0.012597574204787909,1.2259409427642822,18.93000030517578,0.053472527354603505,0.020870589139419193,0.16,0.014175114798464783,0.024124187119781704,8.2,0.0,1.28,18.300203323364258,0.04582176602011789,17.70304298400879,17.47072982788086,14.764445066452026,0.028526096007814427,0.08143886442622716,53.10912895202637,104.82437896728516,177.17334079742432,0.010852713007466264,-0.01070233603320736,-0.025969379125733383,0.1271108118456319,0.16328541580439304,0.08920059737912367
2012-08-31,0.019763369506085704,1.2510946989059448,17.469999313354492,0.07784067928750416,0.029098946588403507,0.13,0.016859349154821235,0.026172529313232884,8.1,0.0,1.35,19.932592391967773,0.08920059737912367,18.577063878377277,18.083972930908203,15.464605728785196,0.039249094817989855,0.05362887098941692,55.731191635131836,108.50383758544922,185.57526874542236,0.04582176602011789,0.010852713007466264,-0.01070233603320736,0.18831092766736468,-0.014469413144925669,0.007101150681135371
2012-09-30,0.024236153617775313,1.284505009651184,15.729999542236328,-0.04436611096858112,0.05134750163457258,0.14,0.019497168982819613,0.02608605279567655,7.8,0.0,1.42,20.07413673400879,0.007101150681135371,19.435644149780273,18.435609181722004,16.185326258341473,0.04107174253753705,0.04185470248575186,58.30693244934082,110.61365509033203,194.22391510009766,0.08920059737912367,0.04582176602011789,0.010852713007466264,0.10528341667133145,-0.009121249269484544,-0.10759989734555009
2012-10-31,-0.01978940971629395,1.2962603569030762,18.600000381469727,-0.06454067057236923,-0.030263664572749427,0.16,0.021556780595369363,0.02496116002071469,7.8,0.0,1.42,17.914161682128906,-0.10759989734555009,19.306963602701824,18.505003293355305,16.667471170425415,0.09884928282526236,0.06590369559693082,57.92089080810547,111.03001976013184,200.00965404510498,0.007101150681135371,0.08920059737912367,0.04582176602011789,-0.025969379125733383,0.061523167448423566,-0.01686488120968721
2012-11-30,0.0028467166850427716,1.2973533868789673,15.869999885559082,0.030960179319085457,-0.003842780544941804,0.16,0.017960197033926262,0.021937086092715274,7.7,0.0,1.37,17.612041473388672,-0.01686488120968721,18.53344662984212,18.5552552541097,17.180819829305012,0.06050281571434965,0.0662589871318583,55.60033988952637,111.3315315246582,206.16983795166016,-0.10759989734555009,0.007101150681135371,0.08920059737912367,-0.01070233603320736,-0.05578344232818633,-0.08658987184232858
2012-12-31,0.007068230956284616,1.3227688074111938,18.020000457763672,0.03272968072044957,-0.02109999127406681,0.16,0.017595049796895523,0.022174092409241064,7.9,0.0,1.53,16.087017059326172,-0.08658987184232858,17.20440673828125,18.32002544403076,17.5101531346639,0.04749708525012064,0.07572959561755059,51.61322021484375,109.92015266418457,210.1218376159668,-0.01686488120968721,-0.10759989734555009,0.007101150681135371,0.010852713007466264,0.05965493582146708,-0.14408956122847016
2013-01-31,0.050428096466868855,1.3568336963653564,14.279999732971191,0.06175123271390004,-0.008478667798059503,0.14,0.01684061762098299,0.019858598461218513,8.0,0.0,1.75,13.76904582977295,-0.14408956122847016,15.822701454162598,17.56483252843221,17.517781178156536,0.06371016115203096,0.0859795003986365,47.46810436248779,105.38899517059326,210.21337413787842,-0.08658987184232858,-0.01686488120968721,-0.10759989734555009,0.04582176602011789,0.1271108118456319,-0.030933603806816423
2013-02-28,0.011060648765041536,1.3150973320007324,15.510000228881836,-0.05580054293993786,-0.04992173047865511,0.15,0.020181404902574807,0.0185185185185186,7.7,0.0,1.64,13.343119621276855,-0.030933603806816423,14.399727503458658,16.46658706665039,17.275279998779297,0.05658048125039056,0.0586376417251315,43.19918251037598,98.79952239990234,207.30335998535156,-0.14408956122847016,-0.08658987184232858,-0.01686488120968721,0.08920059737912367,0.18831092766736468,0.00869935013070644
2013-03-31,0.03598772398287298,1.2807868719100952,12.699999809265137,0.0562737657082224,0.010838624697648402,0.14,0.015187472411246183,0.017362884281483026,7.5,0.0,1.62,13.459196090698242,0.00869935013070644,13.523787180582682,15.364096959431967,16.899853070576984,0.07928797005446597,0.0590230212926226,40.57136154174805,92.1845817565918,202.79823684692383,-0.030933603806816423,-0.14408956122847016,-0.08658987184232858,0.007101150681135371,0.10528341667133145,0.00027123947512186497
2013-04-30,0.018085767779890016,1.3095861673355103,13.520000457763672,-0.03877408353696299,-0.07687490212101367,0.15,0.01138808047576867,0.011793411956079636,7.6,0.0,1.48,13.462846755981445,0.00027123947512186497,13.421720822652182,14.622211138407389,16.563607215881348,0.020878802373408133,0.059111710970653715,40.26516246795654,87.73326683044434,198.76328659057617,0.00869935013070644,-0.030933603806816423,-0.14408956122847016,-0.10759989734555009,-0.025969379125733383,0.01569631343267308
2013-05-31,0.020762811683057825,1.3043931722640991,16.299999237060547,-0.01594262656072587,-0.05406872587013445,0.11,0.013903888279197085,0.014252265092130623,7.5,0.0,1.86,13.674163818359375,0.01569631343267308,13.532068888346354,13.965898195902506,16.260576725006104,0.007723594276283579,0.06353168794735956,40.59620666503906,83.79538917541504,195.12692070007324,0.00027123947512186497,0.00869935013070644,-0.030933603806816423,-0.01686488120968721,-0.01070233603320736,-0.1124571779278023
2013-06-30,-0.014999301595580827,1.3013039827346802,16.860000610351562,0.04990753807728976,-0.12121207074327989,0.09,0.017157935271568725,0.016097809475292824,7.5,0.0,2.16,12.136405944824219,-0.1124571779278023,13.09113883972168,13.307463010152182,15.81374422709147,0.06996302159551067,0.06808173840084078,39.27341651916504,79.84477806091309,189.76493072509766,0.01569631343267308,0.00027123947512186497,0.00869935013070644,-0.08658987184232858,0.010852713007466264,0.14122512247421493
2013-07-31,0.04946207991308538,1.3264886140823364,13.449999809265137,0.08771749621848768,0.07239742772585944,0.09,0.01885471805415806,0.015977058582548054,7.3,0.0,2.29,13.850371360778809,0.14122512247421493,13.220313707987467,13.321017265319824,15.442924896876017,0.12684341316792047,0.08220192469784653,39.6609411239624,79.92610359191895,185.3150987625122,-0.1124571779278023,0.01569631343267308,0.00027123947512186497,-0.14408956122847016,0.04582176602011789,0.07665772899258139
2013-08-31,-0.031298019479343964,1.3224014043807983,17.010000228881836,0.024945280177404605,0.06377624932553916,0.08,0.01538809488600279,0.013262599469495928,7.2,0.0,2.39,14.912109375,0.07665772899258139,13.632962226867676,13.582515557607016,15.024551312128702,0.13183835168984834,0.08481627941828948,40.89888668060303,81.49509334564209,180.29461574554443,0.14122512247421493,-0.1124571779278023,0.01569631343267308,-0.030933603806816423,0.08920059737912367,-0.015028382346922053
2013-09-30,0.029749523259195332,1.349545955657959,16.600000381469727,-0.043838659108947686,-0.024546592938912926,0.08,0.010947341081747997,0.010837638002633376,7.2,0.0,2.31,14.688004493713379,-0.015028382346922053,14.483495076497396,13.787316958109537,14.575706958770752,0.07851799059500207,0.08608632828942413,43.45048522949219,82.72390174865723,174.90848350524902,0.07665772899258139,0.14122512247421493,-0.1124571779278023,0.00869935013070644,0.007101150681135371,0.09638217447676656
2013-10-31,0.04459575276194472,1.3724011182785034,13.75,-0.06364251005644594,-0.02807287898233668,0.09,0.00876799143491147,0.007275666936136016,7.2,0.0,2.26,16.103666305541992,0.09638217447676656,15.234593391418457,14.227453549702963,14.424832344055176,0.059452654740253595,0.09099073513355853,45.70378017425537,85.36472129821777,173.0979881286621,-0.015028382346922053,0.07665772899258139,0.14122512247421493,0.00027123947512186497,-0.10759989734555009,0.06384148022038239
2013-11-30,0.028049471367328715,1.359397530555725,13.699999809265137,-0.037974643463533075,-0.05515261510010527,0.08,0.012328701961954458,0.008505467800729027,6.9,0.0,2.47,17.13174819946289,0.06384148022038239,15.974472999572754,14.803717613220215,14.384807904561361,0.057288253851083853,0.09120328229781263,47.92341899871826,88.82230567932129,172.61769485473633,0.09638217447676656,-0.015028382346922053,0.07665772899258139,0.01569631343267308,-0.01686488120968721,0.01479218924133563
2013-12-31,0.023562791975445974,1.3810056447982788,13.720000267028809,0.02270382340288779,-0.0005823196190501978,0.09,0.015128383667573297,0.008475431338916373,6.7,0.0,2.66,17.385164260864258,0.01479218924133563,16.873526255289715,15.678510665893555,14.492986838022867,0.04107240642846998,0.056272905870948076,50.62057876586914,94.07106399536133,173.9158420562744,0.06384148022038239,0.09638217447676656,-0.015028382346922053,-0.1124571779278023,-0.08658987184232858,-0.10769659740337534
2014-01-31,-0.035582905955811595,1.3558770418167114,18.40999984741211,0.028103298771528396,-0.007818203172379468,0.07,0.01557758795574915,0.007646039351615785,6.6,0.0,2.33,15.51284122467041,-0.10769659740337534,16.67658456166585,15.955588976542154,14.63830312093099,0.08835029510806698,0.07551634770228811,50.02975368499756,95.73353385925293,175.65963745117188,0.01479218924133563,0.06384148022038239,0.09638217447676656,0.14122512247421493,-0.14408956122847016,0.05121842316240599
2014-02-28,0.0431170301781616,1.3707455396652222,14.0,0.052313043244166746,0.06555926975944937,0.07,0.011204746347724948,0.0070086338242763,6.7,0.0,2.33,16.307384490966797,0.05121842316240599,16.40179665883382,16.18813482920329,14.885325193405151,0.08325098311009993,0.07245151182363677,49.205389976501465,97.12880897521973,178.62390232086182,-0.10769659740337534,0.01479218924133563,0.06384148022038239,0.07665772899258139,-0.030933603806816423,0.026057906146203402
2014-03-31,0.006932165418227054,1.3752131462097168,13.880000114440918,-0.009844960940532776,-0.028757378006595724,0.08,0.016126949139408042,0.004618010239935577,6.7,0.0,2.29,16.73232078552246,0.026057906146203402,16.184182167053223,16.528854211171467,15.158085584640503,0.08541789683446485,0.07071112881782302,48.55254650115967,99.17312526702881,181.89702701568604,0.05121842316240599,-0.10769659740337534,0.01479218924133563,-0.015028382346922053,0.00869935013070644,0.09939669799733375
2014-04-30,0.006200789153414155,1.3813681602478027,13.40999984741211,-0.018113840658768643,0.009505961461583112,0.09,0.02015125303606169,0.007033762057877757,6.2,0.0,2.25,18.395458221435547,0.09939669799733375,17.14505449930827,16.91081953048706,15.56913654009501,0.03726655375529086,0.07133538892101753,51.435163497924805,101.46491718292236,186.82963848114014,0.026057906146203402,0.05121842316240599,-0.10769659740337534,0.09638217447676656,0.00027123947512186497,0.07271757904334875
2014-05-31,0.02103028007328045,1.3634566068649292,11.399999618530273,0.029777434171992967,-0.038592158800703436,0.09,0.02166947687079812,0.004817825956037414,6.3,0.0,2.11,19.733131408691406,0.07271757904334875,18.286970138549805,17.344383398691814,16.074050505956013,0.03712025245337312,0.07239604335822883,54.860910415649414,104.06630039215088,192.88860607147217,0.09939669799733375,0.026057906146203402,0.05121842316240599,0.06384148022038239,0.01569631343267308,0.03340133487417751
2014-06-30,0.019058331749470137,1.3644425868988037,11.569999694824219,-0.018388865065343207,0.012540245522446813,0.1,0.020589816945944195,0.00491326581770779,6.1,-0.1,2.06,20.392244338989258,0.03340133487417751,19.50694465637207,17.845563411712646,16.7620370388031,0.03319872085258717,0.07221408114450908,58.52083396911621,107.07338047027588,201.1444444656372,0.07271757904334875,0.09939669799733375,0.026057906146203402,0.01479218924133563,-0.1124571779278023,0.02873157317244157
2014-07-31,-0.015079830845342368,1.3396027088165283,16.950000762939453,-0.026296835686224318,0.015921046329937294,0.09,0.019742378703305974,0.0037298387096773578,6.2,-0.1,2.05,20.978145599365234,0.02873157317244157,20.3678404490153,18.756447474161785,17.35601822535197,0.024160375419256256,0.029108625354272527,61.1035213470459,112.5386848449707,208.27221870422363,0.03340133487417751,0.07271757904334875,0.09939669799733375,-0.10769659740337534,0.14122512247421493,0.07217579707944388
2014-08-31,0.037655295579825276,1.313456416130066,12.09000015258789,-0.022511960127261754,0.0035120579321883394,0.09,0.017150983482969062,0.0036246476037054,6.1,-0.1,1.87,22.492259979248047,0.07217579707944388,21.28754997253418,19.787260055541992,17.98769744237264,0.02384906072413343,0.030242813970447237,63.86264991760254,118.72356033325195,215.85236930847168,0.02873157317244157,0.03340133487417751,0.07271757904334875,0.05121842316240599,0.07665772899258139,-0.012184011053878452
2014-09-30,-0.015513837249453988,1.269083857536316,16.309999465942383,-0.05002079479114929,-0.05856279823348376,0.09,0.016840509711232077,0.0032064128256514834,5.9,-0.2,1.94,22.21821403503418,-0.012184011053878452,21.896206537882488,20.701575597127277,18.615214904149372,0.04218621981120109,0.04009256655672447,65.68861961364746,124.20945358276367,223.38257884979248,0.07217579707944388,0.02873157317244157,0.03340133487417751,0.026057906146203402,-0.015028382346922053,0.07196012479629776
2014-10-31,0.023201460667203078,1.2613362073898315,14.029999732971191,-0.1164984896879313,-0.032548553832352334,0.09,0.016095417021513292,0.003812199036917985,5.7,-0.2,1.85,23.817039489746094,0.07196012479629776,22.842504501342773,21.605172475179035,19.25799600283305,0.048643018239684414,0.03435442975356087,68.52751350402832,129.63103485107422,231.09595203399658,-0.012184011053878452,0.07217579707944388,0.02873157317244157,0.09939669799733375,0.09638217447676656,0.10120382913797954
2014-11-30,0.02453358864631494,1.2437965869903564,13.329999923706055,-0.17866897474636334,0.0035009612086160935,0.09,0.01231524989320798,0.0028112449799195804,5.8,-0.2,1.71,26.227415084838867,0.10120382913797954,24.08755620320638,22.68755308787028,20.015968243281048,0.058867410544050834,0.04046445006931866,72.26266860961914,136.12531852722168,240.19161891937256,0.07196012479629776,-0.012184011053878452,0.07217579707944388,0.07271757904334875,0.06384148022038239,-0.067866342116365
2014-12-31,-0.004188587515997044,1.2162047624588013,19.200000762939453,-0.19470900636451804,0.00740305786561013,0.12,0.006531213919623191,-0.0017008504252126189,5.6,-0.2,1.5,24.44745635986328,-0.067866342116365,24.830636978149414,23.36342175801595,20.6044925848643,0.09036164184438283,0.06314363186555094,74.49191093444824,140.1805305480957,247.25391101837158,0.10120382913797954,0.07196012479629776,-0.012184011053878452,0.03340133487417751,0.01479218924133563,0.061423562208816174
2015-01-31,-0.031040805838410623,1.1287955045700073,20.969999313354492,-0.09442460552041898,0.07990537514580853,0.11,-0.002299309782054282,-0.006070416835289416,5.7,-0.2,1.21,25.949106216430664,0.061423562208816174,25.54132588704427,24.191915194193523,21.474181334177654,0.08839595749179129,0.0641724298221065,76.62397766113281,145.15149116516113,257.69017601013184,-0.067866342116365,0.10120382913797954,0.07196012479629776,0.02873157317244157,-0.10769659740337534,0.09644982048621786
2015-02-28,0.0548925108906233,1.119795799255371,13.34000015258789,0.055363973757245555,-0.017701730619989253,0.11,-0.0008703146293520536,-0.002925156344563362,5.5,-0.2,1.37,28.451892852783203,0.09644982048621786,26.28281847635905,25.185187339782715,22.486223697662354,0.08654721199223024,0.06745533237993115,78.84845542907715,151.1111240386963,269.83468437194824,0.061423562208816174,-0.067866342116365,0.10120382913797954,0.07217579707944388,0.05121842316240599,-0.027548929790508603
2015-03-31,-0.017396107114219572,1.0830246210098267,15.289999961853027,0.08168426601620227,-0.028568405424540533,0.11,-0.00022031284423873476,-0.0006995103427599458,5.4,-0.2,1.38,27.668073654174805,-0.027548929790508603,27.35635757446289,26.093497276306152,23.397536436716717,0.06392525996776127,0.07015371810528541,82.06907272338867,156.5609836578369,280.7704372406006,0.09644982048621786,0.061423562208816174,-0.067866342116365,-0.012184011053878452,0.026057906146203402,0.005786486579830719
2015-04-30,0.008520819822535275,1.1114321947097778,14.550000190734863,0.08281615212251703,-0.03081185220430005,0.12,-0.0010403098939391064,0.002095390141688469,5.4,-0.2,1.47,27.828174591064453,0.005786486579830719,27.98271369934082,26.762019793192547,24.18359613418579,0.06417006073680956,0.06918156215255371,83.94814109802246,160.57211875915527,290.2031536102295,-0.027548929790508603,0.09644982048621786,0.061423562208816174,0.07196012479629776,0.09939669799733375,0.040990466195356845
2015-05-31,0.010491382304589791,1.0960345268249512,13.84000015258789,0.011235924147980025,0.005920162259357875,0.12,0.0003503321824429584,0.005993407252022687,5.6,-0.2,1.51,28.96886444091797,0.040990466195356845,28.15503756205241,27.21892801920573,24.953240553538006,0.03427394289024246,0.060274689577530585,84.46511268615723,163.31356811523438,299.43888664245605,0.005786486579830719,-0.027548929790508603,0.09644982048621786,0.10120382913797954,0.07271757904334875,-0.0332058250090137
2015-06-30,-0.021011671979729973,1.122296690940857,18.229999542236328,-0.013764478057361251,-0.015049625060232108,0.13,0.001795718097550525,0.004989024146876853,5.3,-0.2,1.71,28.006929397583008,-0.0332058250090137,28.26798947652181,27.81217352549235,25.58779764175415,0.03711426089859921,0.05138035474731681,84.80396842956543,166.8730411529541,307.0535717010498,0.040990466195356845,0.005786486579830719,-0.027548929790508603,-0.067866342116365,0.03340133487417751,-0.03292651707536598
2015-07-31,0.019742029435184882,1.0939244031906128,12.119999885559082,-0.20766776585366853,-0.06538623609555061,0.13,0.0022568611104094582,0.005423320277192056,5.2,-0.2,1.53,27.084758758544922,-0.03292651707536598,28.0201841990153,28.00144894917806,26.09668207168579,0.042756847516411456,0.05206317196172494,84.0605525970459,168.00869369506836,313.1601848602295,-0.0332058250090137,0.040990466195356845,0.005786486579830719,0.061423562208816174,0.02873157317244157,-0.07040436151173501
2015-08-31,-0.06258081825586559,1.1214030981063843,28.43000030517578,0.04414265446103838,0.033518997491588376,0.14,0.002413037985344868,0.004414125200641994,5.1,-0.2,1.47,25.177873611450195,-0.07040436151173501,26.756520589192707,27.45577907562256,26.320483207702637,0.0215576666736102,0.03826917118283689,80.26956176757812,164.73467445373535,315.84579849243164,-0.03292651707536598,-0.0332058250090137,0.040990466195356845,0.09644982048621786,0.07217579707944388,-0.01738841314357531
2015-09-30,-0.026442831280001466,1.1255937814712524,24.5,-0.08353659647597966,-0.01422762100856445,0.14,8.842961634170088e-05,0.0019976028765480436,5.0,-0.2,1.42,24.740070343017578,-0.01738841314357531,25.66756757100423,26.96777852376302,26.530637900034588,0.027254089230692558,0.038068780591085344,77.0027027130127,161.80667114257812,318.36765480041504,-0.07040436151173501,-0.03292651707536598,-0.0332058250090137,-0.027548929790508603,-0.012184011053878452,0.08340910538202295
2015-10-31,0.08298311781266654,1.100897192955017,15.069999694824219,0.03326679962128831,0.023307933662034985,0.12,0.0012761656067050708,0.003897661403158059,5.0,-0.2,1.41,26.803617477416992,0.08340910538202295,25.573853810628254,26.797019004821777,26.77951939900716,0.07813387349092044,0.056458688583406816,76.72156143188477,160.78211402893066,321.35423278808594,-0.01738841314357531,-0.07040436151173501,-0.03292651707536598,0.005786486579830719,0.07196012479629776,-0.01004183147646931
2015-11-30,0.0005048691103348713,1.0583018064498901,16.1299991607666,-0.08103948731582455,-0.027495034417091113,0.12,0.004363182169185187,0.0013015618742491242,5.1,-0.2,1.27,26.534460067749023,-0.01004183147646931,26.0260492960612,26.391284942626953,26.80510648091634,0.056194883519824344,0.05181165172517349,78.0781478881836,158.34770965576172,321.6612777709961,0.08340910538202295,-0.01738841314357531,-0.07040436151173501,0.040990466195356845,0.10120382913797954,-0.1064196400454035
2015-12-31,-0.017530185032692547,1.093398094177246,18.209999084472656,-0.1348698918884491,-0.04487318475239588,0.24,0.006387247515364791,0.0025055121266785996,5.0,-0.3,1.21,23.71067237854004,-0.1064196400454035,25.68291664123535,25.675242106119793,26.743707815806072,0.09491813329990464,0.06447540584071403,77.04874992370605,154.05145263671875,320.92449378967285,-0.01004183147646931,0.08340910538202295,-0.01738841314357531,-0.0332058250090137,-0.067866342116365,-0.07524224692007331
2016-01-31,-0.0507353220469523,1.0825908184051514,20.200000762939453,-0.09233266466278345,0.052909528437672826,0.34,0.012375025026943876,0.0032573289902280145,4.8,-0.3,1.18,21.92662811279297,-0.07524224692007331,24.05725351969401,24.815553665161133,26.408501307169598,0.04917961298590473,0.06766861386251156,72.17176055908203,148.8933219909668,316.90201568603516,-0.1064196400454035,-0.01004183147646931,0.08340910538202295,-0.03292651707536598,0.061423562208816174,-0.006677529700236606
2016-02-29,-0.0041283603090035426,1.0923947095870972,20.549999237060547,0.003866777877614469,0.10524901238843065,0.38,0.008472775790126619,-0.0012139605462822,4.9,-0.3,0.96,21.78021240234375,-0.006677529700236606,22.472504297892254,24.249276796976726,25.85252793629964,0.05102554730334462,0.06553092847965865,67.41751289367676,145.49566078186035,310.2303352355957,-0.07524224692007331,-0.1064196400454035,-0.01004183147646931,-0.07040436151173501,0.09644982048621786,0.1333271857406675
2016-03-31,0.06599111444005845,1.1334655284881592,13.949999809265137,0.1360000045211227,0.0002430721710657835,0.36,0.008916160965521946,-0.00040000000000006697,5.0,-0.4,1.05,24.684106826782227,0.1333271857406675,22.796982447306316,24.239949544270832,25.603864034016926,0.10630431869053115,0.09144291043300595,68.39094734191895,145.439697265625,307.2463684082031,-0.006677529700236606,-0.07524224692007331,-0.1064196400454035,-0.01738841314357531,-0.027548929790508603,-0.13992123528029532
2016-04-30,0.0026993982833325436,1.1448328495025635,15.699999809265137,0.19770469447548455,0.044563281620435546,0.37,0.011726257503534843,-0.002588867868166922,5.1,-0.4,1.06,21.230276107788086,-0.13992123528029532,22.564865112304688,23.311059315999348,25.054039160410564,0.13663815048809475,0.09745109035258624,67.69459533691406,139.8663558959961,300.64846992492676,0.1333271857406675,-0.006677529700236606,-0.07524224692007331,0.08340910538202295,0.005786486579830719,0.06528707469620953
2016-05-31,0.015324602525288444,1.1148396730422974,14.1899995803833,0.010140928978508379,0.007743274817477053,0.37,0.010784764621246223,-0.0011915400655345687,4.8,-0.4,0.97,22.6163387298584,0.06528707469620953,22.843573888142902,22.658039093017578,24.524662017822266,0.14224662080626316,0.10568467542861729,68.53072166442871,135.94823455810547,294.2959442138672,-0.13992123528029532,0.1333271857406675,-0.006677529700236606,-0.01004183147646931,0.040990466195356845,-0.0368308598584437
2016-06-30,0.0009109212401243738,1.1128050088882446,15.630000114440918,0.041916657415347336,0.014791949962415396,0.38,0.010792865347959424,0.0004964257347099821,4.9,-0.4,0.91,21.78335952758789,-0.0368308598584437,21.876658121744793,22.336820284525555,24.006031195322674,0.1026045390043249,0.09805899983688288,65.62997436523438,134.02092170715332,288.07237434387207,0.06528707469620953,-0.13992123528029532,0.1333271857406675,-0.1064196400454035,-0.0332058250090137,0.09006261758199141
2016-07-31,0.035609800753315435,1.1168068647384644,11.869999885559082,-0.1392510470092554,0.023209932508562403,0.39,0.008683633430518256,0.0016981320547397871,4.8,-0.4,0.79,23.74522590637207,0.09006261758199141,22.714974721272785,22.639919916788738,23.727736790974934,0.06726050686190214,0.09928011416037943,68.14492416381836,135.83951950073242,284.7328414916992,-0.0368308598584437,0.06528707469620953,-0.13992123528029532,-0.07524224692007331,-0.03292651707536598,0.01813670880626006
2016-08-31,-0.0012192428990193127,1.1153244972229004,13.420000076293945,0.07451928852225409,-0.03120828434835987,0.4,0.010553158595656864,0.0021973631642029368,4.9,-0.4,0.78,24.175886154174805,0.01813670880626006,23.23482386271159,23.039198875427246,23.644237836201984,0.06363532113411285,0.09858386100738735,69.70447158813477,138.23519325256348,283.7308540344238,0.09006261758199141,-0.0368308598584437,0.06528707469620953,-0.006677529700236606,-0.07040436151173501,0.0712759722249725
2016-09-30,-0.0012344511393173052,1.121956706047058,13.289999961853027,0.07919465000238524,0.00489710329367532,0.4,0.015486446201652182,0.003987240829346206,5.0,-0.4,0.83,25.899045944213867,0.0712759722249725,24.606719334920246,23.24168872833252,23.740819136301678,0.0373051732642819,0.08711652689952715,73.82015800476074,139.45013236999512,284.8898296356201,0.01813670880626006,0.09006261758199141,-0.0368308598584437,0.1333271857406675,-0.01738841314357531,0.004334554204168395
2016-10-31,-0.01942567890903446,1.0984665155410767,17.059999465942383,-0.028606986320467653,-0.03182825498668318,0.4,0.01685924966243646,0.005077152812344332,4.9,-0.4,0.98,26.011306762695312,0.004334554204168395,25.362079620361328,24.03852717081706,23.674793243408203,0.035344575809637895,0.04826738370675827,76.08623886108398,144.23116302490234,284.09751892089844,0.0712759722249725,0.01813670880626006,0.09006261758199141,-0.13992123528029532,0.08340910538202295,-0.026598807281379422
2016-11-30,0.034174521829295035,1.0648492574691772,13.329999923706055,0.05505757538952083,-0.079197759474538,0.41,0.016843334719788938,0.00589941005899397,4.7,-0.4,1.26,25.31943702697754,-0.026598807281379422,25.743263244628906,24.489043553670246,23.573541323343914,0.05002915610396383,0.05135765792599393,77.22978973388672,146.93426132202148,282.88249588012695,0.004334554204168395,0.0712759722249725,0.01813670880626006,0.06528707469620953,-0.01004183147646931,0.05333568568184366
2016-12-31,0.01820076244186586,1.0520004034042358,14.039999961853027,0.08656963416018293,-0.017765671302238273,0.54,0.020507989115119862,0.010996700989702957,4.7,-0.4,1.25,26.66986656188965,0.05333568568184366,26.000203450520832,25.30346139272054,23.820140838623047,0.04030613457067387,0.04405255674834495,78.0006103515625,151.82076835632324,285.84169006347656,-0.026598807281379422,0.004334554204168395,0.0712759722249725,-0.0368308598584437,-0.1064196400454035,0.04774653176559496
2017-01-31,0.01788435819838252,1.0708587169647217,11.989999771118164,-0.0027645417932316008,0.037028341435971335,0.65,0.025103933482571117,0.017248376623376638,4.7,-0.4,1.26,27.943260192871094,0.04774653176559496,26.644187927246094,26.00313377380371,24.321526845296223,0.04462434172212274,0.03617455178983088,79.93256378173828,156.01880264282227,291.8583221435547,0.05333568568184366,-0.026598807281379422,0.004334554204168395,0.09006261758199141,-0.07524224692007331,0.12888336333496153
2017-02-28,0.03719816006681631,1.0584250688552856,12.920000076293945,0.00818547867669217,0.05032555674080297,0.66,0.028103616813294208,0.01954826293932932,4.6,-0.4,1.14,31.544681549072266,0.12888336333496153,28.719269434611004,27.231266339619953,25.1352326075236,0.04531717054530706,0.05398241964472479,86.15780830383301,163.38759803771973,301.6227912902832,0.04774653176559496,0.05333568568184366,-0.026598807281379422,0.01813670880626006,-0.006677529700236606,0.053236273330262485
2017-03-31,-0.0003891971352694146,1.0687072277069092,12.369999885559082,-0.06313645534872347,-0.004231140716199788,0.79,0.0244119623655914,0.015306122448979664,4.4,-0.4,1.13,33.224002838134766,0.053236273330262485,30.903981526692707,28.45209248860677,25.846890608469646,0.045342777678739586,0.0528160236582416,92.71194458007812,170.71255493164062,310.16268730163574,0.12888336333496153,0.04774653176559496,0.05333568568184366,0.0712759722249725,0.1333271857406675,-6.980904585152103e-05
2017-04-30,0.009091208748854607,1.0907504558563232,10.819999694824219,-0.025098748643558433,0.015072497411890318,0.9,0.02176223471915395,0.018967754816811233,4.4,-0.4,1.01,33.221683502197266,-6.980904585152103e-05,32.663455963134766,29.65382194519043,26.846174558003742,0.06479832985443347,0.05349529551789945,97.9903678894043,177.92293167114258,322.1540946960449,0.053236273330262485,0.12888336333496153,0.04774653176559496,0.004334554204168395,-0.13992123528029532,0.06341813772518012
2017-05-31,0.011576251246328662,1.117168664932251,10.40999984741211,-0.020474398920347192,0.0046599988372419965,0.91,0.018563431667619756,0.01381847102097633,4.4,-0.4,0.93,35.32854080200195,0.06341813772518012,33.92474238077799,31.3220059076945,27.905524730682373,0.034097722714884544,0.04141290219016447,101.77422714233398,187.932035446167,334.8662967681885,-6.980904585152103e-05,0.053236273330262485,0.12888336333496153,-0.026598807281379422,0.06528707469620953,-0.05332234119573509
2017-06-30,0.004813775207812565,1.144164800643921,11.180000305175781,-0.047185405498690325,-0.024606956625884413,1.04,0.01640565809959127,0.01299990076411639,4.3,-0.4,0.93,33.444740295410156,-0.05332234119573509,33.998321533203125,32.451151529947914,28.87730646133423,0.058444975524363146,0.06164173288146955,101.99496459960938,194.7069091796875,346.52767753601074,0.06341813772518012,-6.980904585152103e-05,0.053236273330262485,0.05333568568184366,-0.0368308598584437,0.03270354125733488
2017-07-31,0.019348826001101882,1.1747292280197144,10.260000228881836,0.08970454325132504,0.020875332822895,1.15,0.017251073506566073,0.013362584762664609,4.3,-0.4,0.96,34.53850173950195,0.03270354125733488,34.43726094563802,33.55035845438639,29.77674611409505,0.06051470662395035,0.06156864411779161,103.31178283691406,201.30215072631836,357.3209533691406,-0.05332234119573509,0.06341813772518012,-6.980904585152103e-05,0.04774653176559496,0.09006261758199141,0.10266984063836104
2017-08-31,0.000546433019853243,1.1893434524536133,10.59000015258789,-0.05860073219075401,0.03915993726669087,1.16,0.0192812155729698,0.015447478572852225,4.4,-0.4,0.79,38.084564208984375,0.10266984063836104,35.355935414632164,34.64033889770508,30.935802618662517,0.07813374889067522,0.05428413389360137,106.06780624389648,207.84203338623047,371.2296314239502,0.03270354125733488,-0.05332234119573509,0.06341813772518012,0.12888336333496153,0.01813670880626006,-0.05655362172514233
2017-09-30,0.019302978562167672,1.1741636991500854,9.510000228881836,0.09400801756812283,-0.02636373838259154,1.15,0.021805652303711787,0.015587768069896812,4.3,-0.4,0.86,35.93074417114258,-0.05655362172514233,36.18460337320963,35.09146245320638,31.771777470906574,0.07980626036406113,0.06380983086447363,108.5538101196289,210.54877471923828,381.2613296508789,0.10266984063836104,0.03270354125733488,-0.05332234119573509,0.053236273330262485,0.0712759722249725,0.09680764333563463
2017-10-31,0.02218813506615125,1.1652703285217285,10.180000305175781,0.042343165364585156,-0.001789401991684536,1.15,0.02020757753132485,0.013668779714738566,4.2,-0.4,0.78,39.409114837646484,0.09680764333563463,37.80814107259115,36.122701009114586,32.888261477152504,0.0902830308393923,0.07112936217500945,113.42442321777344,216.7362060546875,394.6591377258301,-0.05655362172514233,0.10266984063836104,0.03270354125733488,-6.980904585152103e-05,0.004334554204168395,0.016623199823673884
2017-11-30,0.028082627806563343,1.18519926071167,11.279999732971191,0.0657681433841848,-0.004695823844734881,1.16,0.02172493864295566,0.015308151093439415,4.2,-0.4,0.64,40.0642204284668,0.016623199823673884,38.46802647908529,36.911980946858726,34.11699342727661,0.076707311488054,0.06940231825947034,115.40407943725586,221.47188568115234,409.40392112731934,0.09680764333563463,-0.05655362172514233,0.10266984063836104,0.06341813772518012,-0.026598807281379422,-0.01170596409744451
2017-12-31,0.009831630594270502,1.2000048160552979,11.039999961853027,0.052613180536325244,0.025997564346263102,1.3,0.021299307195522532,0.013448037179867534,4.1,-0.4,0.51,39.59523010253906,-0.01170596409744451,39.68952178955078,37.93706258138021,35.19410705566406,0.056283937181539415,0.06190522159097913,119.06856536865234,227.62237548828125,422.32928466796875,0.016623199823673884,0.09680764333563463,-0.05655362172514233,-0.05332234119573509,0.05333568568184366,-0.010636580108851379
2018-01-31,0.05617870412552817,1.2409565448760986,13.539999961853027,0.07133408339299718,0.025032496325182008,1.41,0.02151318868063945,0.012966287652104391,4.0,-0.4,0.58,39.174072265625,-0.010636580108851379,39.61117426554362,38.70965766906738,36.13000806172689,0.016056051364695383,0.06403141733903145,118.83352279663086,232.2579460144043,433.56009674072266,-0.01170596409744451,0.016623199823673884,0.09680764333563463,0.03270354125733488,0.04774653176559496,0.0638478104725877
2018-02-28,-0.0389473718793677,1.2230321168899536,19.850000381469727,-0.04773681147900277,-0.0175504107542942,1.42,0.02263468931091861,0.011126564673157313,4.1,-0.4,0.62,41.67525100708008,0.0638478104725877,40.14818445841471,39.30810546875,36.97422218322754,0.043315587791199595,0.05578509908053489,120.44455337524414,235.8486328125,443.69066619873047,-0.010636580108851379,-0.01170596409744451,0.016623199823673884,0.10266984063836104,0.12888336333496153,-0.05421011436517087
2018-03-31,-0.02688449860055664,1.2331976890563965,19.969999313354492,0.053536714543056974,0.005549257946123154,1.51,0.023309497646499366,0.013991526258744669,4.0,-0.4,0.47,39.41603088378906,-0.05421011436517087,40.08845138549805,39.888986587524414,37.490224520365395,0.05969959651576791,0.05517706419745329,120.26535415649414,239.33391952514648,449.88269424438477,0.0638478104725877,-0.010636580108851379,-0.01170596409744451,-0.05655362172514233,0.053236273330262485,-0.015019536081456564
2018-04-30,0.0027187749953683227,1.2122827768325806,15.930000305175781,0.01364181309840351,-0.007252743213645774,1.69,0.024709963021052994,0.01224649750171447,4.0,-0.4,0.46,38.82402038574219,-0.015019536081456564,39.97176742553711,39.79147084554037,37.957085927327476,0.0601299057536896,0.03936197070172588,119.91530227661133,238.7488250732422,455.4850311279297,-0.05421011436517087,0.0638478104725877,-0.010636580108851379,0.09680764333563463,-6.980904585152103e-05,0.13076316307645386
2018-05-31,0.0216083418545836,1.1667250394821167,15.430000305175781,0.01844409365746169,-0.009980264307269837,1.7,0.02781921607842497,0.01951363012355367,3.8,-0.4,0.43,43.90077209472656,0.13076316307645386,40.71360778808594,40.43089612325033,38.67143853505453,0.09747103002728047,0.06755818053986559,122.14082336425781,242.58537673950195,464.0572624206543,-0.015019536081456564,-0.05421011436517087,0.0638478104725877,0.016623199823673884,0.06341813772518012,-0.005598382527290724
2018-06-30,0.00484243626760783,1.1704941987991333,16.09000015258789,0.10605609357479584,-0.037535518555654956,1.82,0.028075506935940187,0.01969043887147337,4.0,-0.4,0.33,43.654998779296875,-0.005598382527290724,42.12659708658854,41.1075242360433,39.522293408711754,0.08158413308511558,0.06708034198827285,126.37979125976562,246.64514541625977,474.267520904541,0.13076316307645386,-0.015019536081456564,-0.05421011436517087,-0.01170596409744451,-0.05332234119573509,0.02798338957292157
2018-07-31,0.03602155617289915,1.1707408428192139,12.829999923706055,-0.024576526426771328,-0.015583794442303733,1.91,0.02854124785561929,0.02194449911434737,3.8,-0.4,0.29,44.87661361694336,0.02798338957292157,44.1441281636556,42.05794779459635,40.38380273183187,0.07104680191989655,0.06559746124380854,132.4323844909668,252.34768676757812,484.6056327819824,-0.005598382527290724,0.13076316307645386,-0.015019536081456564,-0.010636580108851379,0.03270354125733488,0.1962267519031362
2018-08-31,0.030263211276748248,1.1664663553237915,12.859999656677246,-0.0349472011091122,-0.02557232998457981,1.91,0.026429238568742575,0.020806752380017723,3.8,-0.4,0.24,53.6826057434082,0.1962267519031362,47.40473937988281,44.059173583984375,41.68363952636719,0.10814107242658111,0.09643904713141095,142.21421813964844,264.35504150390625,500.20367431640625,0.02798338957292157,-0.005598382527290724,0.13076316307645386,0.0638478104725877,0.10266984063836104,-0.004824704053764672
2018-09-30,0.0042942874264617625,1.162304162979126,12.119999885559082,0.049426888214946896,-0.007331540839906392,1.95,0.02332055105808828,0.02082314986802225,3.7,-0.4,0.24,53.42360305786133,-0.004824704053764672,50.66094080607096,46.39376894632975,43.141377766927086,0.10786093509544512,0.08782802226467358,151.9828224182129,278.3626136779785,517.696533203125,0.1962267519031362,0.02798338957292157,-0.005598382527290724,-0.05421011436517087,-0.05655362172514233,-0.030477746827006436
2018-10-31,-0.0694033560936963,1.1346358060836792,21.229999542236328,-0.10839593776663825,0.01745702797156956,2.19,0.02492032470218053,0.02286495993746329,3.8,-0.4,0.28,51.795372009277344,-0.030477746827006436,52.967193603515625,48.55566088358561,44.17356586456299,0.1241468863150963,0.09047681794233636,158.90158081054688,291.3339653015137,530.0827903747559,-0.004824704053764672,0.1962267519031362,0.02798338957292157,-0.015019536081456564,0.09680764333563463,-0.18404458262378287
2018-11-30,0.01785935665477978,1.1392766237258911,18.06999969482422,-0.22018064294852802,0.006516457993535951,2.2,0.02147328577667773,0.019189347953788793,3.8,-0.4,0.21,42.26271438598633,-0.18404458262378287,49.160563151041664,48.28265126546224,44.356773694356285,0.09691974045123801,0.12177342834182504,147.481689453125,289.69590759277344,532.2812843322754,-0.030477746827006436,-0.004824704053764672,0.1962267519031362,0.13076316307645386,0.016623199823673884,-0.11361624967494566
2018-12-31,-0.09177689467997252,1.1439945697784424,25.420000076293945,-0.10838406488685415,0.04761522699656795,2.27,0.020023809043401064,0.015220997170455774,3.9,-0.4,0.21,37.46098327636719,-0.11361624967494566,43.83968989054362,47.25031534830729,44.17891979217529,0.07687103246605459,0.13042241526690848,131.51906967163086,283.50189208984375,530.1470375061035,-0.18404458262378287,-0.030477746827006436,-0.004824704053764672,-0.005598382527290724,-0.01170596409744451,0.055153616453968324
2019-01-31,0.07868440166582613,1.1487650871276855,16.56999969482422,0.18454087417471787,0.03238668603799488,2.4,0.014875893578291333,0.0138834186687673,4.0,-0.4,0.18,39.52709197998047,0.055153616453968324,39.75026321411133,46.35872840881348,44.20833810170492,0.12292219506471252,0.1327936712669744,119.25078964233398,278.15237045288086,530.500057220459,-0.11361624967494566,-0.18404458262378287,-0.030477746827006436,0.02798338957292157,-0.010636580108851379,0.04031494558372639
2019-02-28,0.029728889343927145,1.1380189657211304,14.779999732971191,0.06376650393745686,-0.005228387208488505,2.4,0.015188615351321877,0.014934171742974955,3.8,-0.4,0.21,41.12062454223633,0.04031494558372639,39.36956659952799,44.26506487528483,44.162119229634605,0.0934507595297566,0.09273599504818598,118.10869979858398,265.590389251709,529.9454307556152,0.055153616453968324,-0.11361624967494566,-0.18404458262378287,0.1962267519031362,0.0638478104725877,0.10173082765706276
2019-03-31,0.01792425624958849,1.1233052015304565,13.710000038146973,0.05103107491526604,-0.015082303543330622,2.41,0.018831863513063984,0.013992809250801708,3.8,-0.4,0.14,45.30385971069336,0.10173082765706276,41.98385874430338,42.9117743174235,44.652771631876625,0.03204562717828785,0.10942469491667245,125.95157623291016,257.470645904541,535.8332595825195,0.04031494558372639,0.055153616453968324,-0.11361624967494566,-0.004824704053764672,-0.05421011436517087,0.05643586907693443
2019-04-30,0.03931349831373798,1.1185182332992554,13.119999885559082,0.0626870717662924,-0.007888593327049498,2.42,0.020005834702090608,0.017228029423151492,3.7,-0.4,0.24,47.86062240600586,0.05643586907693443,44.76170221964518,42.25598271687826,45.405821800231934,0.03184186975743128,0.11371842734484869,134.28510665893555,253.53589630126953,544.8698616027832,0.10173082765706276,0.04031494558372639,0.055153616453968324,-0.030477746827006436,-0.015019536081456564,-0.12757262555917548
2019-05-31,-0.0657777313668354,1.1131147146224976,18.709999084472656,-0.16288530546497315,0.01792952847250917,2.39,0.017959105553606136,0.012215062037125968,3.6,-0.4,0.19,41.75491714477539,-0.12757262555917548,44.9731330871582,42.1713498433431,45.22700055440267,0.12144328788088316,0.09732316589387204,134.9193992614746,253.0280990600586,542.724006652832,0.05643586907693443,0.10173082765706276,0.04031494558372639,-0.18404458262378287,0.13076316307645386,0.13487290697135834
2019-06-30,0.0689301639982407,1.1390948295593262,15.079999923706055,0.09289721907856308,0.07956800310812806,2.38,0.01671194894390049,0.012681333461427524,3.6,-0.4,0.25,47.38652420043945,0.13487290697135834,45.667354583740234,43.82560666402181,45.53796100616455,0.13471522591324142,0.09090541017792958,137.0020637512207,262.95363998413086,546.4555320739746,-0.12757262555917548,0.05643586907693443,0.10173082765706276,-0.11361624967494566,-0.005598382527290724,0.07639445301206482
2019-07-31,0.013128152166957952,1.1157974004745483,16.1200008392334,0.0018813170524205614,0.011633698646601465,2.4,0.01826331335037068,0.010207029369282639,3.7,-0.4,0.13,51.006591796875,0.07639445301206482,46.71601104736328,45.738856633504234,46.04879252115885,0.1377799914498904,0.09185909550079388,140.14803314208984,274.4331398010254,552.5855102539062,0.13487290697135834,-0.12757262555917548,0.05643586907693443,0.055153616453968324,0.02798338957292157,-0.020184021146546827
2019-08-31,-0.018091627240523933,1.1012003421783447,18.979999542236328,-0.05940599604230057,0.06521281929185174,2.13,0.017376412106666406,0.01009518315546587,3.6,-0.4,0.0,49.977073669433594,-0.020184021146546827,49.456729888916016,47.21493148803711,45.73999818166097,0.07830472761976764,0.09597187704423348,148.37018966674805,283.28958892822266,548.8799781799316,0.07639445301206482,0.13487290697135834,-0.12757262555917548,0.04031494558372639,0.1962267519031362,0.07703826904273581
2019-09-30,0.017181177931020697,1.0942714214324951,16.239999771118164,-0.0039673179437409445,-0.004922837434499949,2.04,0.016844977040391562,0.008331737215092838,3.5,-0.5,0.05,53.82722091674805,0.07703826904273581,51.60362879435221,48.635491689046226,45.77363300323486,0.0559463878481534,0.09312541356312891,154.81088638305664,291.81295013427734,549.2835960388184,-0.020184021146546827,0.07639445301206482,0.13487290697135834,0.10173082765706276,-0.004824704053764672,0.11068451731949924
2019-10-31,0.020431770513684056,1.1154489517211914,13.220000267028809,-0.012780267371775955,-0.00014664313583645505,1.83,0.017339736996186295,0.00726022162781792,3.6,-0.5,0.17,59.78506088256836,0.11068451731949924,54.52978515625,50.62289810180664,46.439440409342446,0.0679593237323985,0.09836181003697834,163.58935546875,303.73738861083984,557.2732849121094,0.07703826904273581,-0.020184021146546827,0.07639445301206482,0.05643586907693443,-0.030477746827006436,0.07432855239133773
2019-11-30,0.034047037714499906,1.1019999980926514,12.619999885559082,0.01827238571785239,-0.03030306212009004,1.55,0.020922903948629168,0.009606147934678289,3.6,-0.5,0.17,64.22879791259766,0.07432855239133773,59.28035990397135,54.36854489644369,48.269947369893394,0.020253266293325557,0.05276942263913498,177.84107971191406,326.2112693786621,579.2393684387207,0.11068451731949924,0.07703826904273581,-0.020184021146546827,-0.12757262555917548,-0.18404458262378287,0.10208268669945841
2019-12-31,0.02858981890573009,1.120229721069336,13.779999732971191,-0.029350621580635727,0.03242871201075781,1.55,0.023195274699624457,0.01326285439692465,3.6,-0.5,0.34,70.78544616699219,0.10208268669945841,64.93310165405273,58.268365224202476,51.046985944112144,0.01900017388984787,0.046747896758340825,194.7993049621582,349.61019134521484,612.5638313293457,0.07432855239133773,0.11068451731949924,0.07703826904273581,0.13487290697135834,-0.11361624967494566,0.054009758579175005
2020-01-31,-0.0016280928190489652,1.1029127836227417,18.84000015258789,-0.037174530839303555,0.04611146748838335,1.55,0.02599767976845202,0.01359619306594162,3.6,-0.5,0.18,74.60855102539062,0.054009758579175005,69.87426503499348,62.20202509562174,53.97044086456299,0.02413210783455757,0.04703336223252571,209.62279510498047,373.21215057373047,647.6452903747559,0.10208268669945841,0.07432855239133773,0.11068451731949924,0.07639445301206482,0.055153616453968324,-0.11679724457035479
2020-02-29,-0.08411048363840312,1.1030004024505615,40.11000061035156,-0.13188523798760665,-0.011876965404106432,1.58,0.023413166797595197,0.01219748305905144,3.5,-0.5,0.27,65.89447784423828,-0.11679724457035479,70.4294916788737,64.85492579142253,56.03492863972982,0.1150322150933233,0.08432705392196789,211.2884750366211,389.12955474853516,672.4191436767578,0.054009758579175005,0.10208268669945841,0.07432855239133773,-0.020184021146546827,0.04031494558372639,-0.06755387712820349
2020-03-31,-0.12511928240892822,1.1030466556549072,53.540000915527344,-0.21984750968695366,0.031742691487708585,0.65,0.014940399642909163,0.007474844274077741,4.4,-0.5,0.47,61.443050384521484,-0.06755387712820349,67.31535975138347,66.1242307027181,57.379861195882164,0.08791819975443319,0.09510365331785704,201.9460792541504,396.7453842163086,688.5583343505859,-0.11679724457035479,0.054009758579175005,0.10208268669945841,0.07703826904273581,0.10173082765706276,0.15537370970887254
2020-04-30,0.1268440381652789,1.087725043296814,34.150001525878906,-0.4604752883963338,0.043656879038482144,0.05,0.003130472940411133,0.003139866793530066,14.8,-0.5,0.44,70.98968505859375,0.15537370970887254,66.1090710957845,67.99166806538899,59.30728308359782,0.14502795510022087,0.10435087151896792,198.32721328735352,407.950008392334,711.6873970031738,-0.06755387712820349,-0.11679724457035479,0.054009758579175005,0.11068451731949924,0.05643586907693443,0.08216482746465248
2020-05-31,0.04528181966555822,1.1110000610351562,27.510000228881836,0.8837580356172043,0.03129086496263023,0.05,0.001982013035848551,0.0008551881413911833,13.2,-0.5,0.49,76.82254028320312,0.08216482746465248,69.75175857543945,70.09062512715657,62.22958501180013,0.11363093762807515,0.10500992663044677,209.25527572631836,420.54375076293945,746.7550201416016,0.15537370970887254,-0.06755387712820349,-0.11679724457035479,0.07432855239133773,-0.12757262555917548,0.1504920310123341
2020-06-30,0.01838839651392421,1.1247202157974243,30.43000030517578,0.10650883630671548,0.03229890885911102,0.08,0.007166562831830481,0.0026562944692154478,11.0,-0.5,0.5,88.38372039794922,0.1504920310123341,78.7319819132487,73.02367083231609,65.64601802825928,0.040930791121498764,0.11277835686038253,236.1959457397461,438.1420249938965,787.7522163391113,0.08216482746465248,0.15537370970887254,-0.06755387712820349,0.10208268669945841,0.13487290697135834,0.16513188896564768
2020-07-31,0.055101321480443666,1.1872254610061646,24.459999084472656,0.02546473105024627,0.09470164463364483,0.09,0.009968647625897997,0.0039081117148032085,10.2,-0.5,0.44,102.97869110107422,0.16513188896564768,89.39498392740886,77.75202751159668,69.97702630360921,0.04428405559500577,0.12356638956751577,268.18495178222656,466.5121650695801,839.7243156433105,0.1504920310123341,0.08216482746465248,0.15537370970887254,0.054009758579175005,0.07639445301206482,0.21437967262828428
2020-08-31,0.07006466690171775,1.1918240785598755,26.40999984741211,0.05810777566397474,0.002445448664359917,0.1,0.012810698495523853,-0.0017133066818961762,8.4,-0.5,0.58,125.05522918701172,0.21437967262828428,105.47254689534505,87.61215273539226,76.2335392634074,0.033469638947915804,0.0996661280497367,316.41764068603516,525.6729164123535,914.8024711608887,0.16513188896564768,0.1504920310123341,0.08216482746465248,-0.11679724457035479,-0.020184021146546827,-0.10090817417768116
2020-09-30,-0.039227970178423055,1.1742050647735596,26.3700008392334,-0.05609010456263208,-0.040709481896636146,0.09,0.013910228912373812,-0.0031342007788015547,7.8,-0.5,0.56,112.4361343383789,-0.10090817417768116,113.49001820882161,96.11100006103516,81.11761538187663,0.16961185381950272,0.11214520874090389,340.47005462646484,576.6660003662109,973.4113845825195,0.21437967262828428,0.16513188896564768,0.1504920310123341,-0.06755387712820349,0.07703826904273581,-0.06001209589672518
2020-10-31,-0.027665786221379718,1.1676785945892334,38.02000045776367,-0.11014421110697159,-0.005350980442880848,0.09,0.012303863428671624,-0.0027503793626706408,6.9,-0.5,0.74,105.68860626220703,-0.06001209589672518,114.39332326253255,101.8941535949707,84.94291083017985,0.17144958354989104,0.12843093411168416,343.17996978759766,611.3649215698242,1019.3149299621582,-0.10090817417768116,0.21437967262828428,0.16513188896564768,0.15537370970887254,0.11068451731949924,0.09360652060876862
2020-11-30,0.10754563544385909,1.1971460580825806,20.56999969482422,0.14658199754981105,0.00379230894621152,0.09,0.011757452138405844,-0.0028544243577545148,6.7,-0.5,0.68,115.58174896240234,0.09360652060876862,111.2354965209961,108.35402170817058,89.22232341766357,0.10255659823051354,0.12863966184694237,333.7064895629883,650.1241302490234,1070.667881011963,-0.06001209589672518,-0.10090817417768116,0.21437967262828428,0.08216482746465248,0.07432855239133773,0.11649660969702635
2020-12-31,0.03712145909357001,1.2299896478652954,22.75,0.18237154150601076,0.004553027617296701,0.09,0.013204191315779434,-0.0026557905719434283,6.7,-0.5,0.8,129.046630859375,0.11649660969702635,116.77232869466145,115.13117345174153,94.07742214202881,0.09598433784209451,0.12547104761395855,350.3169860839844,690.7870407104492,1128.9290657043457,0.09360652060876862,-0.06001209589672518,-0.10090817417768116,0.1504920310123341,0.10208268669945841,-0.005501584448753705
2021-01-31,-0.011136660755445171,1.213900089263916,33.09000015258789,0.07584501794016263,-0.02419308401482434,0.09,0.013738437137002402,0.009102232442272484,6.4,-0.5,1.0,128.336669921875,-0.005501584448753705,124.32168324788411,119.35750325520833,98.55476538340251,0.06484588401406405,0.11916981272652243,372.96504974365234,716.14501953125,1182.65718460083,0.11649660969702635,0.09360652060876862,-0.06001209589672518,0.16513188896564768,0.054009758579175005,-0.08108507857636105
2021-02-28,0.026091451377448394,1.2073606252670288,27.950000762939453,0.17816090232058546,-0.06452664434118571,0.08,0.016698167791706853,0.009372609028309054,6.2,-0.5,1.3,117.93048095703125,-0.08108507857636105,125.10459391276042,118.17004521687825,102.89109897613525,0.09969532545070468,0.09218398490314346,375.31378173828125,709.0202713012695,1234.693187713623,-0.005501584448753705,0.11649660969702635,0.09360652060876862,0.21437967262828428,-0.11679724457035479,0.008844898981613003
2021-03-31,0.042438632533165155,1.1723604202270508,19.399999618530273,-0.03804878296890879,-0.008274941820402448,0.07,0.026678187820641908,0.01331684580994974,6.1,-0.5,1.58,118.97356414794922,0.008844898981613003,121.74690500895183,119.25961685180664,107.6853084564209,0.04831508914568616,0.07968184139698363,365.24071502685547,715.5577011108398,1292.2237014770508,-0.08108507857636105,-0.005501584448753705,0.11649660969702635,-0.10090817417768116,-0.06755387712820349,0.07621772153229966
2021-04-30,0.05242532134755851,1.2127091884613037,18.610000610351562,0.0747126774009943,0.031217177311076982,0.07,0.04133077115360573,0.016219292421511877,6.1,-0.5,1.49,128.0414581298828,0.07621772153229966,121.64850107828777,122.98509216308594,112.43962287902832,0.07892049691942024,0.07426331374228956,364.9455032348633,737.9105529785156,1349.2754745483398,0.008844898981613003,-0.08108507857636105,-0.005501584448753705,-0.06001209589672518,0.15537370970887254,-0.05210708678307652
2021-05-31,0.00548648867060697,1.2190067768096924,16.760000228881836,0.043095278151300986,0.07650084730180629,0.06,0.04918257089467626,0.019842400075951838,5.8,-0.5,1.44,121.36959075927734,-0.05210708678307652,122.7948710123698,123.94973246256511,116.15187708536784,0.0641891712262581,0.07499381464133414,368.3846130371094,743.6983947753906,1393.822525024414,0.07621772153229966,0.008844898981613003,-0.08108507857636105,0.09360652060876862,0.08216482746465248,0.10097619742830011
2021-06-30,0.022214009565834747,1.1901928186416626,15.829999923706055,0.10781063870295693,-0.06922467867115634,0.08,0.05295632620349999,0.019017882486517257,5.9,-0.5,1.2,133.62503051757812,0.10097619742830011,127.67869313557942,124.71279907226562,119.92198626200359,0.08217332339108191,0.07075334490102055,383.0360794067383,748.2767944335938,1439.063835144043,-0.05210708678307652,0.07621772153229966,0.008844898981613003,0.11649660969702635,0.1504920310123341,0.06498238602300943
2021-07-31,0.02274805482838871,1.1867802143096924,18.239999771118164,0.006533220628337277,0.023605108202631175,0.1,0.05245169381309234,0.021648309912647212,5.4,-0.5,1.05,142.3083038330078,0.06498238602300943,132.43430836995444,127.0414047241211,123.19945398966472,0.08004164645819062,0.07386781120107158,397.3029251098633,762.2484283447266,1478.3934478759766,0.10097619742830011,-0.05210708678307652,0.07621772153229966,-0.005501584448753705,0.16513188896564768,0.04092966173034873
2021-08-31,0.028990416255438634,1.1796904802322388,16.479999542236328,0.005815021994735492,-0.011607564143653382,0.09,0.05152015301793966,0.029557589626239666,5.1,-0.5,1.1,148.1329345703125,0.04092966173034873,141.3554229736328,132.0751469930013,125.12259610493977,0.03022050753683582,0.054971184407411604,424.06626892089844,792.4508819580078,1501.4711532592773,0.06498238602300943,0.10097619742830011,-0.05210708678307652,-0.08108507857636105,0.21437967262828428,-0.06664033110699996
2021-09-30,-0.047569168801901096,1.1601601839065552,23.139999389648438,0.008738650399043202,-0.020239374705398938,0.08,0.05351215590949132,0.033631859756097615,4.7,-0.5,1.24,138.2613067626953,-0.06664033110699996,142.90084838867188,135.28977076212564,127.27469380696614,0.07008848760627819,0.07008148783582263,428.7025451660156,811.7386245727539,1527.2963256835938,0.04092966173034873,0.06498238602300943,0.10097619742830011,0.008844898981613003,-0.10090817417768116,0.05865727236217522
2021-10-31,0.0691438364006065,1.156136155128479,16.260000228881836,0.11382115226534961,0.01578074995803025,0.08,0.06235042390298062,0.040513552068473624,4.5,-0.5,1.07,146.371337890625,0.05865727236217522,144.25519307454428,138.34475072224936,130.66492144266763,0.06780494201858195,0.06796952890337107,432.7655792236328,830.0685043334961,1567.9790573120117,-0.06664033110699996,0.04092966173034873,0.06498238602300943,0.07621772153229966,-0.06001209589672518,0.10347119944223615
2021-11-30,-0.008333706184746159,1.1293437480926514,27.190000534057617,-0.20808902061926726,-0.005272027153147785,0.08,0.06901970403700863,0.048664122137404675,4.1,-0.5,0.91,161.5165557861328,0.10347119944223615,148.71640014648438,145.0359115600586,134.49282201131186,0.08817190626011909,0.06235937588714521,446.1492004394531,870.2154693603516,1613.9138641357422,0.05865727236217522,-0.06664033110699996,0.04092966173034873,-0.05210708678307652,0.09360652060876862,0.07579685463095509
2021-12-31,0.04361291346206486,1.132502794265747,17.219999313354492,0.13644603713594505,0.03039018107578384,0.08,0.07174340285065539,0.049643366619115614,3.9,-0.5,0.79,173.75900268554688,0.07579685463095509,160.54896545410156,151.72490692138672,138.21885299682617,0.022612395941971494,0.05903328304842592,481.6468963623047,910.3494415283203,1658.626235961914,0.10347119944223615,0.05865727236217522,-0.06664033110699996,0.10097619742830011,0.11649660969702635,-0.01571235752981126
2022-01-31,-0.052585165027393854,1.1152374744415283,24.829999923706055,0.17205162344002423,-0.017783857729138153,0.08,0.07558805726967832,0.051082415495632416,4.0,-0.5,0.61,171.02883911132812,-0.01571235752981126,168.76813252766928,156.51166280110678,141.77653376261392,0.06237591084642516,0.06295975124706754,506.3043975830078,939.0699768066406,1701.3184051513672,0.07579685463095509,0.10347119944223615,0.05865727236217522,0.06498238602300943,-0.005501584448753705,-0.05526943459035627
2022-02-28,-0.031360491945908286,1.118105411529541,30.149999618530273,0.08587634218703699,0.0581615734897285,0.08,0.07937278766517819,0.05874549933674422,3.9,-0.5,0.39,161.576171875,-0.05526943459035627,168.78800455729166,158.75220235188803,145.41367467244467,0.0672273139258423,0.0720525661357877,506.364013671875,952.5132141113281,1744.964096069336,-0.01571235752981126,0.07579685463095509,0.10347119944223615,0.04092966173034873,-0.08108507857636105,0.058820540754529915
2022-03-31,0.03577328837154625,1.1161835193634033,20.559999465942383,0.04763892081530274,0.02621876704101611,0.2,0.08572204966013852,0.07443912512907147,3.7,-0.5,0.04,171.08016967773438,0.058820540754529915,167.89506022135416,164.22201283772787,149.75589179992676,0.05793162312363689,0.0602638690239089,503.6851806640625,985.3320770263672,1797.070701599121,-0.05526943459035627,-0.01571235752981126,0.07579685463095509,-0.06664033110699996,0.008844898981613003,-0.09713064054206644
2022-04-30,-0.08795671180434306,1.0546298027038574,33.400001525878906,0.04397690183278935,-0.020469886796252945,0.33,0.08231750770777224,0.07438865036400966,3.7,-0.5,0.19,154.46304321289062,-0.09713064054206644,162.37312825520834,165.5706303914388,151.95769055684408,0.08071519268982362,0.07978865541739108,487.119384765625,993.4237823486328,1823.492286682129,0.058820540754529915,-0.05526943459035627,-0.01571235752981126,0.05865727236217522,0.07621772153229966,-0.05588325073175748
2022-05-31,5.317770464463578e-05,1.0773539543151855,26.190000534057617,0.00046814215903179246,-0.02164920593880726,0.77,0.08538171195642064,0.08052504189164011,3.6,-0.5,0.32,145.83114624023438,-0.05588325073175748,157.12478637695312,162.9563954671224,153.99615351359049,0.08080746448121524,0.06889483833919992,471.3743591308594,977.7383728027344,1847.953842163086,-0.09713064054206644,0.058820540754529915,-0.05526943459035627,0.10347119944223615,-0.05210708678307652,-0.0800802327880894
2022-06-30,-0.08391999993382682,1.04465913772583,28.709999084472656,0.009747942711759272,-0.03418973899562017,1.21,0.08979361103105798,0.08644382544104001,3.6,-0.5,0.06,134.1529541015625,-0.0800802327880894,144.81571451822916,156.35538736979166,154.0401471455892,0.02072662342405282,0.05604739802269975,434.4471435546875,938.13232421875,1848.4817657470703,-0.05588325073175748,-0.09713064054206644,0.058820540754529915,0.07579685463095509,0.10097619742830011,0.18863360695043863
2022-07-31,0.09111639173021002,1.022704005241394,21.329999923706055,-0.06751133931002895,-0.022836844814264845,1.68,0.08462576727730098,0.08866171003717471,3.5,0.0,-0.22,159.45870971679688,0.18863360695043863,146.4809366861979,154.42703247070312,155.46934763590494,0.14865010107544108,0.1102618853725725,439.44281005859375,926.5621948242188,1865.6321716308594,-0.0800802327880894,-0.05588325073175748,-0.09713064054206644,-0.01571235752981126,0.06498238602300943,-0.03255174068920219
2022-08-31,-0.04244012827299837,1.0025062561035156,25.8700008392334,-0.09196916895379592,-0.028419067951734434,2.33,0.08222579178218825,0.09140581589183183,3.6,0.0,-0.3,154.26805114746094,-0.03255174068920219,149.2932383219401,153.20901234944662,155.98060735066733,0.14340446485301986,0.10864354173843838,447.8797149658203,919.2540740966797,1871.7672882080078,0.18863360695043863,-0.0800802327880894,-0.05588325073175748,-0.05526943459035627,0.04092966173034873,-0.11975575737991406
2022-09-30,-0.09339567201327437,0.9829555749893188,31.6200008392334,-0.11233952925913171,-0.02942551551685535,2.56,0.08192106896425821,0.09927182228776865,3.5,0.75,-0.39,135.79356384277344,-0.11975575737991406,149.8401082356771,147.32791137695312,155.77496210734049,0.15897143274266906,0.11269507148067313,449.52032470703125,883.9674682617188,1869.299545288086,-0.03255174068920219,0.18863360695043863,-0.0800802327880894,0.058820540754529915,-0.06664033110699996,0.1095510500915402
2022-10-31,0.0798634138370089,0.9955002665519714,25.8799991607666,0.08856461321828868,-0.015940808235575088,3.08,0.07758813957693,0.1062060140754959,3.6,0.75,-0.41,150.66989135742188,0.1095510500915402,146.9105021158854,146.69571940104166,156.13317489624023,0.1157435063890699,0.1204197066350887,440.73150634765625,880.17431640625,1873.5980987548828,-0.11975575737991406,-0.03255174068920219,0.18863360695043863,-0.09713064054206644,0.05865727236217522,-0.03462887807158421
2022-11-30,0.053752893352493114,1.0324499607086182,20.579999923706055,-0.0691089311441182,0.06730238641898212,3.78,0.07122856456533988,0.1005459508644222,3.6,1.5,-0.7,145.45236206054688,-0.03462887807158421,143.97193908691406,146.6325887044271,154.79449208577475,0.1159137964312627,0.1186888558409642,431.9158172607422,879.7955322265625,1857.5339050292969,0.1095510500915402,-0.11975575737991406,-0.03255174068920219,-0.05588325073175748,0.10347119944223615,-0.12081669965253117
2022-12-31,-0.05897147407473047,1.0728462934494019,21.670000076293945,-0.0036002595225353984,0.042210739502792194,4.1,0.06404600402357152,0.09196339585032165,3.5,2.0,-0.53,127.87928771972656,-0.12081669965253117,141.33384704589844,145.58697764078775,150.9711825052897,0.11639408088912134,0.12551151540796487,424.0015411376953,873.5218658447266,1811.6541900634766,-0.03462887807158421,0.1095510500915402,-0.11975575737991406,-0.0800802327880894,0.07579685463095509,0.11052111775428708
2023-01-31,0.0617528578346791,1.0850694179534912,19.399999618530273,-0.014476323734612162,0.0008155357670653895,4.33,0.06327178517960097,0.08644986449864489,3.5,2.0,-0.69,142.0126495361328,0.11052111775428708,138.4480997721354,142.6793009440104,148.55316670735678,0.11691453262937415,0.104049908987655,415.34429931640625,856.0758056640625,1782.6380004882812,-0.12081669965253117,-0.03462887807158421,0.1095510500915402,0.18863360695043863,-0.01571235752981126,0.02162321647896981
2023-02-28,-0.02611249393181858,1.0611205101013184,20.700000762939453,-0.025893523012970654,0.004236827758631545,4.57,0.05957820738137087,0.08501879362806508,3.6,2.5,-0.89,145.0834197998047,0.02162321647896981,138.3251190185547,141.14852905273438,147.17877070109049,0.11669700961696736,0.10453141245658097,414.97535705566406,846.8911743164062,1766.145248413086,0.11052111775428708,-0.12081669965253117,-0.03462887807158421,-0.03255174068920219,-0.05526943459035627,0.12035680408893934
2023-03-31,0.03505161257710898,1.0904649496078491,18.700000762939453,-0.017910510423802206,0.0766034084508378,4.65,0.04917719362889961,0.06884501135767973,3.5,3.0,-0.58,162.54519653320312,0.12035680408893934,149.88042195638022,145.6071345011393,146.46752293904623,0.054387343655126784,0.09782752783192851,449.6412658691406,873.6428070068359,1757.6102752685547,0.02162321647896981,0.11052111775428708,-0.12081669965253117,-0.11975575737991406,0.058820540754529915,0.02898729901783259
2023-04-30,0.014642341662481018,1.1128422021865845,15.779999732971191,0.014668965735578743,0.010716087143695985,4.83,0.049500798791243694,0.06949874033533132,3.4,3.0,-0.6,167.25694274902344,0.02898729901783259,158.2951863606771,148.37164306640625,147.53368123372397,0.05500142042243643,0.0907265544995581,474.88555908203125,890.2298583984375,1770.4041748046875,0.12035680408893934,0.02162321647896981,0.11052111775428708,0.1095510500915402,-0.09713064054206644,0.04461347875822974
2023-05-31,0.002482347368192972,1.073306918144226,17.940000534057617,-0.11318054935616173,-0.013165143205512098,5.06,0.04131851231385042,0.060911518911002105,3.6,3.25,-0.76,174.71885681152344,0.04461347875822974,168.17366536458334,153.249392191569,149.94099044799805,0.04886992135995964,0.08668549145278245,504.52099609375,919.4963531494141,1799.2918853759766,0.02898729901783259,0.12035680408893934,0.02162321647896981,-0.03462887807158421,-0.05588325073175748,0.09584341124198992
2023-06-30,0.06472746490423464,1.0868029594421387,13.59000015258789,0.03745048008379448,-0.02179339492645227,5.08,0.03070617072997095,0.05503803093752668,3.6,3.5,-1.06,191.46450805664062,0.09584341124198992,177.81343587239584,163.84692891438803,154.7169532775879,0.034972425369374636,0.04361616713278084,533.4403076171875,983.0815734863281,1856.6034393310547,0.04461347875822974,0.02898729901783259,0.12035680408893934,-0.12081669965253117,-0.0800802327880894,0.012785489875610345
2023-07-31,0.031138932355010862,1.1024264097213745,13.630000114440918,0.1579841981672605,0.025714447473768498,5.12,0.03287749268428297,0.05275738432644683,3.5,3.5,-0.91,193.9124755859375,0.012785489875610345,186.69861348470053,172.4968999226888,157.5881004333496,0.04190494235032902,0.04385139252451051,560.0958404541016,1034.9813995361328,1891.0572052001953,0.09584341124198992,0.04461347875822974,0.02898729901783259,0.11052111775428708,0.18863360695043863,-0.04367509982493256
2023-08-31,-0.017716390070854016,1.0932546854019165,13.569999694824219,0.02237156642283078,-0.0163918035159224,5.33,0.03722504803505289,0.052184980907933776,3.7,3.75,-0.76,185.44332885742188,-0.04367509982493256,190.2734375,179.22355143229166,160.18604024251303,0.07018051892722518,0.05899290036646631,570.8203125,1075.34130859375,1922.2324829101562,0.012785489875610345,0.09584341124198992,0.04461347875822974,0.02162321647896981,-0.03255174068920219,-0.08744764965053686
2023-09-30,-0.048719367465624885,1.0587612390518188,17.520000457763672,0.08561525645412771,-0.046486419283759295,5.33,0.03687206638119256,0.04309911118564491,3.7,4.0,-0.44,169.22674560546875,-0.08744764965053686,182.86085001627603,180.33714294433594,162.97213872273764,0.05025023477032413,0.06526766471918899,548.5825500488281,1082.0228576660156,1955.6656646728516,-0.04367509982493256,0.012785489875610345,0.09584341124198992,0.12035680408893934,-0.11975575737991406,-0.0025700503965395693
2023-10-31,-0.02197968873798295,1.061503529548645,18.139999389648438,-0.06792389731552706,0.04250440978266656,5.33,0.032512659098611785,0.028753201685532526,3.9,4.0,-0.19,168.7918243408203,-0.0025700503965395693,174.48729960123697,180.59295654296875,164.4822998046875,0.04244578514974093,0.06455587342792636,523.4618988037109,1083.5577392578125,1973.78759765625,-0.08744764965053686,-0.04367509982493256,0.012785489875610345,0.02898729901783259,0.1095510500915402,0.11231482793119207
2023-11-30,0.08917926878197013,1.0973695516586304,12.920000076293945,-0.10237372414668455,0.0578452048780862,5.33,0.031333462745911866,0.023728813559321882,3.7,4.0,-0.36,187.74964904785156,0.11231482793119207,175.25607299804688,182.76475524902344,168.00707372029623,0.10025616321295049,0.07779006658419417,525.7682189941406,1096.5885314941406,2016.0848846435547,-0.0025700503965395693,-0.08744764965053686,-0.04367509982493256,0.04461347875822974,-0.03462887807158421,0.01491780028235512
2023-12-31,0.04422923115636013,1.1055831909179688,12.449999809265137,-0.05674035822197343,0.011922833545408684,5.33,0.033159099427102934,0.029040823099900415,3.8,4.0,-0.35,190.5504608154297,0.01491780028235512,182.36397806803384,182.61241404215494,173.22967147827148,0.06190118628988904,0.06716423564354342,547.0919342041016,1095.6744842529297,2078.756057739258,0.11231482793119207,-0.0025700503965395693,-0.08744764965053686,0.09584341124198992,-0.12081669965253117,-0.0422272252814021
2024-01-31,0.015895707598991615,1.08433997631073,14.350000381469727,0.05861823948077949,-0.006788208234537851,5.33,0.030883429864855705,0.02752141016047238,3.7,4.0,-0.28,182.50404357910156,-0.0422272252814021,186.9347178141276,180.71100870768228,176.60395431518555,0.07813981182542293,0.06897308710380033,560.8041534423828,1084.2660522460938,2119.2474517822266,0.01491780028235512,0.11231482793119207,-0.0025700503965395693,0.012785489875610345,0.11052111775428708,-0.01979384787616989
2024-02-29,0.05172064062372317,1.0838816165924072,13.399999618530273,0.03177328557141146,-0.0013180781588525425,5.33,0.03157074141648697,0.025651600131969543,3.9,4.0,-0.39,178.89158630371094,-0.01979384787616989,183.9820302327474,179.61905161539713,179.4213015238444,0.028791517519254618,0.06717623898980848,551.9460906982422,1077.7143096923828,2153.055618286133,-0.0422272252814021,0.01491780028235512,0.11231482793119207,-0.04367509982493256,0.02162321647896981,-0.05007583266880411
2024-03-31,0.031018779915342964,1.0801469087600708,13.010000228881836,0.06273953358917383,0.08393212849886278,5.33,0.034868349120836584,0.024113127350008146,3.9,4.0,-0.39,169.93344116210938,-0.05007583266880411,177.10969034830728,179.73683420817056,180.03698857625326,0.015715468296705327,0.05916075466885279,531.3290710449219,1078.4210052490234,2160.443862915039,-0.01979384787616989,-0.0422272252814021,0.01491780028235512,-0.08744764965053686,0.12035680408893934,-0.006706170682706736
2024-04-30,-0.04161507173789869,1.0715701580047607,15.649999618530273,-0.014909196718397077,0.033372419617130555,5.33,0.033607951262196734,0.0235561692795061,3.9,4.0,-0.35,168.79383850097656,-0.006706170682706736,172.53962198893228,179.73716990152994,180.16506322224936,0.022245649305313468,0.05925000448871785,517.6188659667969,1078.4230194091797,2161.980758666992,-0.05007583266880411,-0.01979384787616989,-0.0422272252814021,-0.0025700503965395693,0.02898729901783259,0.1286913402216745
2024-05-31,0.0480211901511991,1.0835410356521606,12.920000076293945,-0.06029540367393571,0.013747054788550983,5.33,0.03244278584003113,0.02549943154133505,3.9,4.0,-0.38,190.51614379882812,0.1286913402216745,176.4144744873047,180.19825236002603,181.48150380452475,0.09324798089247884,0.06543537533002425,529.2434234619141,1081.1895141601562,2177.778045654297,-0.006706170682706736,-0.05007583266880411,-0.01979384787616989,0.11231482793119207,0.04461347875822974,0.09703855605299716
2024-06-30,0.03466980128308328,1.0721560716629028,12.4399995803833,0.05909862550988576,0.0020664036462707536,5.33,0.029702579486470926,0.025111381125961785,4.1,3.75,-0.35,209.00355529785156,0.09703855605299716,189.4378458658854,183.27376810709634,182.94309107462564,0.07082531683679771,0.0758945079121214,568.3135375976562,1099.6426086425781,2195.317092895508,0.1286913402216745,-0.006706170682706736,-0.05007583266880411,0.01491780028235512,0.09584341124198992,0.054410894093612994
2024-07-31,0.011321316887868749,1.0816072225570679,16.360000610351562,-0.04451799377802956,0.04244535416963191,5.33,0.029414757935583014,0.025786571521245527,4.2,3.75,-0.2,220.37562561035156,0.054410894093612994,206.63177490234375,189.58569844563803,185.14835357666016,0.037275105604000054,0.07067729275166985,619.8953247070312,1137.5141906738281,2221.780242919922,0.09703855605299716,0.1286913402216745,-0.006706170682706736,-0.0422272252814021,0.012785489875610345,0.03115983016003354
2024-08-31,0.022834706936630367,1.1061947345733643,15.0,-0.0559620126480882,0.027735441511693715,5.33,0.02607144490692037,0.021532258064516085,4.2,3.75,0.0,227.24249267578125,0.03115983016003354,218.87389119466147,197.64418284098306,188.6316172281901,0.033410916537979694,0.06582607915054742,656.6216735839844,1185.8650970458984,2263.5794067382812,0.054410894093612994,0.09703855605299716,0.1286913402216745,-0.01979384787616989,-0.04367509982493256,0.018645009684027603
2024-09-30,0.020196884090601275,1.1169815063476562,16.729999542236328,-0.02009205115667001,0.03606339510925771,5.13,0.024264830315416708,0.017363344051446905,4.1,3.5,0.15,231.47943115234375,0.018645009684027603,226.36584981282553,207.90184783935547,193.81934102376303,0.01814952337845178,0.050770215479309516,679.0975494384766,1247.4110870361328,2325.8320922851562,0.03115983016003354,0.054410894093612994,0.09703855605299716,-0.05007583266880411,-0.08744764965053686,-0.030429190422614383
2024-10-31,-0.009896743303151712,1.0859178304672241,23.15999984741211,-0.03901961114703645,0.059822352829202785,4.83,0.02578844053871343,0.019918078869167077,4.1,3.25,0.12,224.43569946289062,-0.030429190422614383,227.71920776367188,217.1754913330078,198.4563306172689,0.03255279123716626,0.05697598070370348,683.1576232910156,1303.0529479980469,2381.4759674072266,0.018645009684027603,0.03115983016003354,0.054410894093612994,-0.006706170682706736,-0.0025700503965395693,0.05055104429253654
2024-11-30,0.057301295482098835,1.0580891370773315,13.510000228881836,-0.01819234908125067,-0.02968997092298853,4.64,0.02719472461284833,0.022290421579712616,4.2,3.25,0.05,235.78115844726562,0.05055104429253654,230.5654296875,224.71966044108072,202.45895640055338,0.04079230028462681,0.042447714557356554,691.6962890625,1348.3179626464844,2429.5074768066406,-0.030429190422614383,0.018645009684027603,0.03115983016003354,0.1286913402216745,0.11231482793119207,0.056316290919699696
2024-12-31,-0.02499013704848363,1.040615200996399,17.350000381469727,0.026147421107572733,0.024304103198067528,4.48,0.028706909675099812,0.024270278987260197,4.1,3.0,0.33,249.05947875976562,0.056316290919699696,236.42544555664062,231.39564768473306,207.3347078959147,0.04850397752848496,0.03314417338349916,709.2763366699219,1388.3738861083984,2488.0164947509766,0.05055104429253654,-0.030429190422614383,0.018645009684027603,0.09703855605299716,0.01491780028235512,-0.057583332608356574
2025-01-31,0.0270163042404441,1.0397279262542725,16.43000030517578,0.03943898037189686,0.033408583015622995,4.33,0.029909783078999608,0.025004045962129906,4.0,3.0,0.36,234.71780395507812,-0.057583332608356574,239.85281372070312,233.7860107421875,211.68585459391275,0.06416048339418029,0.04582922348260285,719.5584411621094,1402.716064453125,2540.230255126953,0.056316290919699696,0.05055104429253654,-0.030429190422614383,0.054410894093612994,-0.0422272252814021,0.024745707222756153
2025-02-28,-0.014242092699825126,1.039511799812317,19.6299991607666,-0.038191047700073644,0.008640017361111196,4.33,0.028015834477613355,0.023080016083634858,4.2,2.75,0.25,240.52606201171875,0.024745707222756153,241.4344482421875,235.99993896484375,216.82206090291342,0.05880461545705342,0.045349628347412,724.3033447265625,1415.9996337890625,2601.864730834961,-0.057583332608356574,0.056316290919699696,0.05055104429253654,0.03115983016003354,-0.01979384787616989,-0.08049024063516375
2025-03-31,-0.05754469768137538,1.082391619682312,22.280000686645508,0.02465598004633418,0.10081782116372495,4.33,0.02381981462805549,0.021550003990741473,4.2,2.5,0.34,221.1660614013672,-0.08049024063516375,232.1366424560547,234.28104400634766,221.09144592285156,0.055343475912427054,0.0580222867539494,696.4099273681641,1405.686264038086,2653.0973510742188,0.024745707222756153,-0.057583332608356574,0.056316290919699696,0.018645009684027603,-0.05007583266880411,-0.04335292558011783
2025-04-30,-0.007624943346289825,1.1389262676239014,24.700000762939453,-0.1856463856919187,0.058345058384461135,4.33,0.0232538823025783,0.02150622966431226,4.2,2.25,0.57,211.57786560058594,-0.04335292558011783,224.42332967122397,232.13807169596353,224.6567815144857,0.05337166645432951,0.059329106701329126,673.2699890136719,1392.8284301757812,2695.881378173828,-0.08049024063516375,0.024745707222756153,-0.057583332608356574,-0.030429190422614383,-0.006706170682706736,-0.054823583526486086
2025-05-31,0.06152382614078289,1.1350737810134888,18.56999969482422,0.04432231354806704,-0.004871436507186133,4.33,0.023772651073680873,0.018688628444725852,4.3,2.25,0.52,199.97840881347656,-0.054823583526486086,210.9074452718099,226.1709467569987,225.4453035990397,0.01901549127402333,0.053757985269286754,632.7223358154297,1357.0256805419922,2705.3436431884766,-0.04335292558011783,-0.08049024063516375,0.024745707222756153,0.05055104429253654,0.1286913402216745,0.022848078157851726
2025-06-30,0.049606839467715824,1.1727453470230103,16.729999542236328,0.05532571866473179,0.0006781366270036671,4.33,0.02680453865910226,0.019596997234294866,4.1,2.0,0.52,204.5475311279297,0.022848078157851726,205.36793518066406,218.75228881835938,225.07396825154623,0.04192659442097072,0.04445703274530433,616.1038055419922,1312.5137329101562,2700.8876190185547,-0.054823583526486086,-0.04335292558011783,-0.08049024063516375,0.056316290919699696,0.09703855605299716,0.01169767583943182
2025-07-31,0.0216665625306407,1.1429355144500732,16.719999313354492,0.07960236809008725,0.0006288798071716339,4.33,0.02742618052167134,0.020158102766798525,4.3,2.0,0.43,206.9402618408203,0.01169767583943182,203.8220672607422,214.12269846598306,223.9543546040853,0.04199661980107552,0.045298838927973754,611.4662017822266,1284.7361907958984,2687.4522552490234,0.022848078157851726,-0.054823583526486086,-0.04335292558011783,-0.057583332608356574,0.054410894093612994,0.11836968148663796
2025-08-31,0.019066444295036122,1.1686338186264038,15.359999656677246,-0.07580132599005052,0.054809912145106665,4.33,0.029385917430316155,0.020288939764742997,4.3,2.0,0.64,231.4357147216797,0.11836968148663796,214.3078358968099,212.6076405843099,224.3037897745768,0.05863392783926684,0.07200487538726744,642.9235076904297,1275.6458435058594,2691.645477294922,0.01169767583943182,0.022848078157851726,-0.054823583526486086,0.024745707222756153,0.03115983016003354,0.0981261024075959
2025-09-30,0.035323687218701494,1.1731443405151367,16.280000686645508,-0.02562104592428127,0.10567985226599852,4.22,0.030225715847133294,0.02212389380530988,4.4,2.0,0.56,254.14559936523438,0.0981261024075959,230.84052530924478,218.10423024495444,226.19263712565103,0.056654791209239955,0.0711188663117057,692.5215759277344,1308.6253814697266,2714.3116455078125,0.11836968148663796,0.01169767583943182,0.022848078157851726,-0.08049024063516375,0.018645009684027603,0.061815166304167946
2025-10-31,0.0226868719049238,1.157246708869934,17.440000534057617,-0.022286346215373176,0.03681522092952827,4.09,0.027291362382022122,0.02086778486494989,4.43,2.0,0.51,269.85565185546875,0.061815166304167946,251.81232198079428,227.81719462076822,229.97763315836588,0.028655132647168045,0.06329119259426629,755.4369659423828,1366.9031677246094,2759.7315979003906,0.0981261024075959,0.11836968148663796,0.01169767583943182,-0.04335292558011783,-0.030429190422614383,0.031364424385052825
2025-11-30,0.0012996181666717899,1.15968918800354,16.350000381469727,-0.039849136166239196,0.05928879925935049,3.88,0.026964439164939513,0.021093379680834357,4.5,2.0,0.55,278.31951904296875,0.031364424385052825,267.4402567545573,240.8740463256836,233.52249654134116,0.033423677776184844,0.04325689487967761,802.3207702636719,1445.2442779541016,2802.2699584960938,0.061815166304167946,0.0981261024075959,0.11836968148663796,-0.054823583526486086,0.05055104429253654,-0.024122217892287856
2025-12-31,-0.0005241344225139777,1.1747292280197144,14.949999809265137,-0.019299762302985246,0.025436857961000037,3.72,0.02653304114557753,0.019365504211603657,4.4,2.0,0.71,271.6058349609375,-0.024122217892287856,273.2603352864583,252.05043029785156,235.40135955810547,0.04357225638172243,0.05373514581830087,819.781005859375,1512.3025817871094,2824.8163146972656,0.031364424385052825,0.061815166304167946,0.0981261024075959,0.022848078157851726,0.056316290919699696,-0.01987949709807396
