Date,sp500_return,eurusd,vix,petroleo_return,oro_return,tipos_fed,inflacion_usa,inflation_eu,desempleo,tipos_ecb,curva10Y2Y,precio,activo_return,media_movil_3m,media_movil_6m,media_movil_12m,volatilidad_3m,volatilidad_6m,momentum_3m,momentum_6m,momentum_12m,lag_1,lag_2,lag_3,lag_6,lag_12,target
2003-12-31,0.05076554077889206,1.2590018510818481,18.309999465942383,0.06938509111933211,0.04763111137978071,0.98,0.020352035203520247,0.020224719101123778,5.7,1.0,2.43,16.828571319580078,0.06456656012978934,16.206373532613117,16.329903443654377,15.670594612757364,0.06261611387507174,0.04501147291365198,48.619120597839355,97.97942066192627,188.04713535308838,-0.010932565062154898,-0.05971186887437174,0.04826484633801664,0.04185311727330143,-0.10367535097801595,0.010230399620628772
2004-01-31,0.017276386950755285,1.2452058792114258,16.6299991607666,0.016297625210221822,-0.03247534184164658,1.0,0.020262869660460092,0.018467962100529922,5.7,1.0,2.32,17.000734329223633,0.010230399620628772,16.545738220214844,16.472073078155518,15.882105509440104,0.038945276388352205,0.044208076050210425,49.63721466064453,98.8324384689331,190.58526611328125,0.06456656012978934,-0.010932565062154898,-0.05971186887437174,0.030030940880908075,-0.0820114884013684,-0.040506071782096864
2004-02-29,0.01220897373761054,1.253007173538208,14.550000190734863,0.031216633834876717,0.022959945186728614,1.01,0.01688453159041381,0.01679462571976953,5.6,1.0,2.33,16.312101364135742,-0.040506071782096864,16.713802337646484,16.488259156545002,16.03775445620219,0.052546591780006,0.04879573907053489,50.14140701293945,98.92955493927002,192.45305347442627,0.010230399620628772,0.06456656012978934,-0.010932565062154898,0.004165813258455442,-0.0012646108947632628,-0.06030929444324462
2004-03-31,-0.01635891961786684,1.231299638748169,16.739999771118164,0.04924311048905716,0.0385613876751183,1.0,0.017400761283306032,0.017334605597964403,5.8,1.0,2.26,15.328330039978027,-0.06030929444324462,16.21372191111247,16.210047721862793,16.081565856933594,0.03638270101021322,0.0483305260777423,48.6411657333374,97.26028633117676,192.97879028320312,-0.040506071782096864,0.010230399620628772,0.06456656012978934,0.04826484633801664,0.02480417056402029,0.04813481608412262
2004-04-30,-0.016790751960348183,1.198293685913086,17.190000534057617,0.04530209235514793,-0.09431310307571206,1.0,0.022925764192139875,0.020959034614163263,5.6,1.0,2.22,16.0661563873291,0.04813481608412262,15.902195930480957,16.2239670753479,16.117568333943684,0.05774873698121099,0.048922570890469266,47.70658779144287,97.3438024520874,193.41082000732422,-0.06030929444324462,-0.040506071782096864,0.010230399620628772,-0.05971186887437174,0.05617484848898746,0.0038267694119151763
2004-05-31,0.01208345009735412,1.2198989391326904,15.5,0.06688068294713001,0.01808785529715773,1.0,0.028977583378895444,0.024785510009532885,5.6,1.0,2.12,16.12763786315918,0.0038267694119151763,15.840708096822103,16.277255217234295,16.207608699798584,0.05452333261215097,0.04851986096053275,47.52212429046631,97.66353130340576,194.491304397583,0.04813481608412262,-0.06030929444324462,-0.040506071782096864,-0.010932565062154898,-0.03754435428036729,0.08882935386522917
2004-06-30,0.017988998771432563,1.218397855758667,14.34000015258789,-0.07096293267949094,-0.00355328400122934,1.03,0.03167667941015839,0.024119327197715146,5.6,1.0,1.92,17.560245513916016,0.08882935386522917,16.584679921468098,16.399200916290283,16.364552179972332,0.04251409132838034,0.05510855849832372,49.7540397644043,98.3952054977417,196.37462615966797,0.0038267694119151763,0.04813481608412262,-0.06030929444324462,0.06456656012978934,0.04185311727330143,-0.0024507349380761267
2004-07-31,-0.034290519520026264,1.2016053199768066,15.319999694824219,0.1821862385694215,-0.004075410286911052,1.26,0.02939575394665228,0.023521932612841745,5.5,1.0,1.82,17.517210006713867,-0.0024507349380761267,17.06836446126302,16.48528019587199,16.478676637013752,0.05098513024491589,0.05526577993767506,51.20509338378906,98.91168117523193,197.74411964416504,0.08882935386522917,0.0038267694119151763,0.04813481608412262,0.010230399620628772,0.030030940880908075,-0.041769095007296864
2004-08-31,0.0022873503233691306,1.2178043127059937,15.289999961853027,0.048619637225767454,0.028362927527074033,1.43,0.025474254742547275,0.023960647413519442,5.4,1.0,1.72,16.785531997680664,-0.041769095007296864,17.287662506103516,16.56418530146281,16.526222229003906,0.06699992897804939,0.05548149237938815,51.86298751831055,99.38511180877686,198.31466674804688,-0.0024507349380761267,0.08882935386522917,0.0038267694119151763,-0.040506071782096864,0.004165813258455442,0.015808504403125534
2004-09-30,0.009363875526838816,1.2433944940567017,13.34000015258789,0.08078591980016814,0.04130943689785771,1.61,0.025391680172879516,0.021505376344086002,5.4,1.0,1.51,17.050886154174805,0.015808504403125534,17.117876052856445,16.851277987162273,16.53066285451253,0.0294236673833589,0.04498437077239599,51.353628158569336,101.10766792297363,198.3679542541504,-0.041769095007296864,-0.0024507349380761267,0.08882935386522917,-0.06030929444324462,0.04826484633801664,0.01157359270435121
2004-10-31,0.014014243690939843,1.283202886581421,16.270000457763672,0.04270747296437016,0.023405749957616573,1.76,0.03190914007571655,0.023839595832017446,5.5,1.0,1.49,17.248226165771484,0.01157359270435121,17.028214772542317,17.048289616902668,16.636128346125286,0.03208986538682132,0.04261865118261758,51.08464431762695,102.28973770141602,199.63354015350342,0.015808504403125534,-0.041769095007296864,-0.0024507349380761267,0.04813481608412262,-0.05971186887437174,-0.0414733411492908
2004-11-30,0.03859493629597055,1.3298048973083496,13.239999771118164,-0.0508113859873105,0.053208839656869955,1.93,0.03621621621621607,0.022885101010100994,5.4,1.0,1.34,16.53288459777832,-0.0414733411492908,16.94399897257487,17.11583073933919,16.696542978286743,0.031919485945787474,0.04814558095075588,50.83199691772461,102.69498443603516,200.35851573944092,0.01157359270435121,0.015808504403125534,-0.041769095007296864,0.0038267694119151763,-0.010932565062154898,0.11079912039615158
2004-12-31,0.03245821284320516,1.3565024137496948,13.289999961853027,-0.11561164627903975,-0.030578303049499378,2.16,0.033423180592991875,0.02344241661422264,5.4,1.0,1.16,18.364713668823242,0.11079912039615158,17.381941477457683,17.249908765157063,16.824554840723675,0.07729444253642165,0.055985422262746,52.14582443237305,103.49945259094238,201.89465808868408,-0.0414733411492908,0.01157359270435121,0.015808504403125534,0.08882935386522917,0.06456656012978934,-0.016466912100339792
2005-01-31,-0.025290467442294018,1.305193305015564,12.819999694824219,0.10932105676857651,-0.03588574218749996,2.28,0.028448738593666034,0.01939451277199633,5.3,1.0,0.85,18.06230354309082,-0.016466912100339792,17.653300603230793,17.340757687886555,16.913018941879272,0.08165870750292181,0.056832166368743234,52.95990180969238,104.04454612731934,202.95622730255127,0.11079912039615158,-0.0414733411492908,0.01157359270435121,-0.0024507349380761267,0.010230399620628772,-0.042618102991927365
2005-02-28,0.018903346132113308,1.3217023611068726,12.079999923706055,0.07365143528773777,0.034850670062718025,2.5,0.030530262453133394,0.020764511562057608,5.4,1.0,0.77,17.292522430419922,-0.042618102991927365,17.906513214111328,17.425256093343098,16.994720697402954,0.08207453141764294,0.05697699286792204,53.719539642333984,104.5515365600586,203.93664836883545,-0.016466912100339792,0.11079912039615158,-0.0414733411492908,-0.041769095007296864,-0.040506071782096864,-0.03638390331097863
2005-03-31,-0.01911765556028966,1.2966973781585693,14.020000457763672,0.07053143045176635,-0.01786938784185277,2.63,0.032068412613575736,0.02188525871502267,5.2,1.0,0.7,16.663352966308594,-0.03638390331097863,17.339392979939777,17.36066722869873,17.1059726079305,0.013659164015383198,0.05917145064582474,52.018178939819336,104.16400337219238,205.27167129516602,-0.042618102991927365,-0.016466912100339792,0.11079912039615158,0.015808504403125534,-0.06030929444324462,0.046751543771596404
2005-04-30,-0.020108582083263493,1.292306900024414,15.3100004196167,-0.1025270784969653,0.014695562429623443,2.79,0.03361792956243326,0.02083981337480556,5.2,1.0,0.55,17.44239044189453,0.046751543771596404,17.132755279541016,17.393027941385906,17.220658779144287,0.0498953931906854,0.06248624789253488,51.39826583862305,104.35816764831543,206.64790534973145,-0.03638390331097863,-0.042618102991927365,-0.016466912100339792,0.01157359270435121,0.04813481608412262,0.019762628876012656
2005-05-31,0.02995204663120865,1.2307995557785034,13.289999961853027,0.05758285258328333,0.00036206398448723753,3.0,0.02869287991498415,0.01984496124030999,5.1,1.0,0.4,17.787097930908203,0.019762628876012656,17.297613779703777,17.60206349690755,17.35894711812337,0.04241135297198446,0.05856201294216249,51.89284133911133,105.61238098144531,208.30736541748047,0.046751543771596404,-0.03638390331097863,-0.042618102991927365,-0.0414733411492908,0.0038267694119151763,-0.034154617169453116
2005-06-30,-0.00014271417986777557,1.2091021537780762,12.039999961853027,0.07449133246481021,0.001706269722869358,3.04,0.02541026998411855,0.02045243259993801,5.0,1.0,0.28,17.17958641052246,-0.034154617169453116,17.46969159444173,17.404542287190754,17.32722552617391,0.04119319892609165,0.036028482957799056,52.409074783325195,104.42725372314453,207.9267063140869,0.019762628876012656,0.046751543771596404,-0.03638390331097863,0.11079912039615158,0.08882935386522917,0.0309979370606428
2005-07-31,0.03596828690361842,1.2124004364013672,11.569999694824219,0.07203539282874716,-0.013764625106704731,3.26,0.03067160232681121,0.021428571428571352,5.0,1.0,0.26,17.71211814880371,0.0309979370606428,17.559600830078125,17.34617805480957,17.343467871348064,0.034828524932485255,0.039504373535293284,52.678802490234375,104.07706832885742,208.12161445617676,-0.034154617169453116,0.019762628876012656,0.046751543771596404,-0.016466912100339792,-0.0024507349380761267,0.06911378983833205
2005-08-31,-0.011222104598600069,1.234095573425293,12.600000381469727,0.13818726743855758,0.009071863112013467,3.5,0.03646934460887952,0.021850302185030257,4.9,1.0,0.18,18.936269760131836,0.06911378983833205,17.942658106486004,17.62013594309489,17.522696018218994,0.05222074530554823,0.043047381533496305,53.82797431945801,105.72081565856934,210.27235221862793,0.0309979370606428,-0.034154617169453116,0.019762628876012656,-0.042618102991927365,-0.041769095007296864,-0.05747588728068598
2005-09-30,0.00694902431673361,1.2028049230575562,11.920000076293945,-0.03916455587496559,0.08114341447107298,3.62,0.04741833508956805,0.026006191950464608,5.0,1.0,0.16,17.847890853881836,-0.05747588728068598,18.16542625427246,17.817558924357098,17.589113076527912,0.06494277247398667,0.04867542912948975,54.49627876281738,106.90535354614258,211.06935691833496,0.06911378983833205,0.0309979370606428,-0.034154617169453116,-0.03638390331097863,0.015808504403125534,-0.0011654903293477625
2005-10-31,-0.01774077993231349,1.1988970041275024,15.319999694824219,-0.0978260832007154,-0.00831555201809031,3.78,0.04350104821802936,0.024672320740169784,5.0,1.0,0.17,17.827089309692383,-0.0011654903293477625,18.203749974568684,17.881675402323406,17.637351671854656,0.06342316135661288,0.045776232120956405,54.611249923706055,107.29005241394043,211.64822006225586,-0.05747588728068598,0.06911378983833205,0.0309979370606428,0.046751543771596404,0.01157359270435121,0.07704303918599087
2005-11-30,0.035186096519093324,1.1804981231689453,12.0600004196167,-0.040829964779797945,0.06342721912034177,4.0,0.03338549817423053,0.02314457645425083,5.0,1.0,0.07,19.200542449951172,0.07704303918599087,18.29184087117513,18.117249488830566,17.85965649286906,0.0675558737534051,0.0546964802265867,54.87552261352539,108.7034969329834,214.3158779144287,-0.0011654903293477625,-0.05747588728068598,0.06911378983833205,0.019762628876012656,-0.0414733411492908,-0.05250573827505456
2005-12-31,-0.0009523493171964548,1.184399127960205,12.069999694824219,0.06489883531941176,0.04549124384303549,4.16,0.03338549817423053,0.022751729438893253,4.9,1.25,-0.02,18.19240379333496,-0.05250573827505456,18.406678517659504,18.286052385965984,17.84529733657837,0.06523710714224137,0.058324502842139504,55.220035552978516,109.7163143157959,214.14356803894043,0.07704303918599087,-0.0011654903293477625,-0.05747588728068598,-0.034154617169453116,0.11079912039615158,0.0764818083008294
2006-01-31,0.025466771341108085,1.2148454189300537,12.949999809265137,0.002434951913191874,0.03175807792245822,4.29,0.04018789144050117,0.024593967517401172,4.7,1.25,-0.01,19.583791732788086,0.0764818083008294,18.99224599202474,18.59799798329671,17.972088019053142,0.07463353568540054,0.06411205005796929,56.97673797607422,111.58798789978027,215.6650562286377,-0.05250573827505456,0.07704303918599087,-0.0011654903293477625,0.0309979370606428,-0.016466912100339792,-0.045469964734517365
2006-02-28,0.0004531577283561905,1.1930042505264282,12.34000015258789,0.0036178202304957274,0.05262743548413118,4.49,0.0363825363825363,0.023578363384188616,4.8,1.25,-0.14,18.693317413330078,-0.045469964734517365,18.823170979817707,18.557505925496418,18.088820934295654,0.07252531078578045,0.06310738382819828,56.469512939453125,111.34503555297852,217.06585121154785,0.0764818083008294,-0.05250573827505456,0.07704303918599087,0.06911378983833205,-0.042618102991927365,0.016084696962925582
2006-03-31,0.011095810408889628,1.2115044593811035,11.390000343322754,0.08500240056955222,0.03596868426847033,4.59,0.03417918177110302,0.022028453418999394,4.7,1.5,0.04,18.993993759155273,0.016084696962925582,19.090367635091145,18.748523076375324,18.28304100036621,0.06097680212058038,0.05664258390786248,57.27110290527344,112.49113845825195,219.39649200439453,-0.045469964734517365,0.0764818083008294,-0.05250573827505456,-0.05747588728068598,-0.03638390331097863,-0.11245889493642658
2006-04-30,0.01215565291784415,1.2624987363815308,11.59000015258789,0.07879333958295609,0.12031626240753579,4.79,0.03613835828600931,0.024527726995734245,4.7,1.5,0.2,16.85795021057129,-0.11245889493642658,18.181753794352215,18.586999893188477,18.23433764775594,0.06429093788483474,0.07646882610226877,54.54526138305664,111.52199935913086,218.8120517730713,0.016084696962925582,-0.045469964734517365,0.0764818083008294,-0.0011654903293477625,0.046751543771596404,-0.062111603418755434
2006-05-31,-0.030916916538203165,1.2816076278686523,16.440000534057617,-0.008208074018291267,-0.014268161962474157,4.94,0.03977272727272729,0.025235633931286028,4.6,1.5,0.08,15.81087589263916,-0.062111603418755434,17.220939954121906,18.022055466969807,18.06965247790019,0.06477263590814489,0.06639070298908382,51.66281986236572,108.13233280181885,216.83582973480225,-0.11245889493642658,0.016084696962925582,-0.045469964734517365,0.07704303918599087,0.019762628876012656,0.032708975653096495
2006-06-30,8.659650459597046e-05,1.2782983779907227,13.079999923706055,0.037733236174224194,-0.045136186770427966,4.99,0.041817243159525175,0.024749468569693178,4.6,1.75,-0.01,16.328033447265625,0.032708975653096495,16.33228651682536,17.711327075958252,17.998689730962116,0.07371058566016052,0.06964725399772966,48.996859550476074,106.26796245574951,215.9842767715454,-0.062111603418755434,-0.11245889493642658,0.016084696962925582,-0.05250573827505456,-0.034154617169453116,0.03261748720181967
2006-07-31,0.0050858788034533475,1.277400255203247,14.949999809265137,0.005677185048491129,0.03374085119320491,5.24,0.041046690610569536,0.02477956825782912,4.7,1.75,0.02,16.860612869262695,0.03261748720181967,16.333174069722492,17.257463932037354,17.927730957667034,0.05471829553184068,0.059601766927299474,48.99952220916748,103.54478359222412,215.1327714920044,0.032708975653096495,-0.062111603418755434,-0.11245889493642658,0.0764818083008294,0.0309979370606428,0.0681630626516363
2006-08-31,0.02127419311502643,1.2809016704559326,12.3100004196167,-0.055645151945439175,-0.013087334647132187,5.25,0.03926568077511483,0.023202911737943532,4.7,2.0,-0.05,18.009883880615234,0.0681630626516363,17.066176732381184,17.143558343251545,17.85053213437398,0.020495888161187026,0.06846811935631701,51.198530197143555,102.86135005950928,214.2063856124878,0.03261748720181967,0.032708975653096495,-0.062111603418755434,-0.045469964734517365,0.06911378983833205,0.06812148565306608
2006-09-30,0.024566297967782313,1.2690999507904053,11.979999542236328,-0.10461147260666304,-0.04361726755591999,5.25,0.02012072434607637,0.01795413397706702,4.5,2.0,-0.07,19.236743927001953,0.06812148565306608,18.035746892293293,17.184016704559326,17.966269890467327,0.020510255844054744,0.07457011052432558,54.10724067687988,103.10410022735596,215.5952386856079,0.0681630626516363,0.03261748720181967,0.032708975653096495,0.016084696962925582,-0.05747588728068598,0.04972547972880914
2006-10-31,0.03150800358539563,1.2766989469528198,11.100000381469727,0.006162780427395376,0.03308874242897919,5.25,0.014063284781516971,0.016252821670428963,4.4,2.25,-0.1,20.193300247192383,0.04972547972880914,19.146642684936523,17.73990837732951,18.16345413525899,0.010632961539854902,0.04854547507466534,57.43992805480957,106.43945026397705,217.9614496231079,0.06812148565306608,0.0681630626516363,0.03261748720181967,-0.11245889493642658,-0.0011654903293477625,0.022640750233420714
2006-11-30,0.016466656343095964,1.325100064277649,10.90999984741211,-0.002649374212361555,0.046075049619350716,5.25,0.01968702675416467,0.018700045242044938,4.5,2.25,-0.16,20.65049171447754,0.022640750233420714,20.026845296223957,18.54651101430257,18.28428324063619,0.022878275357914736,0.019468725042333598,60.080535888671875,111.27906608581543,219.41139888763428,0.04972547972880914,0.06812148565306608,0.0681630626516363,-0.062111603418755434,0.07704303918599087,0.02050660374875135
2006-12-31,0.012615782814670462,1.3198009729385376,11.5600004196167,-0.032947913763068604,-0.01808627572340671,5.24,0.025239777889954462,0.019239440853750178,4.4,2.5,-0.11,21.073963165283203,0.02050660374875135,20.639251708984375,19.337499300638836,18.524413188298542,0.016288441027276345,0.021611915229273262,61.917755126953125,116.02499580383301,222.29295825958252,0.022640750233420714,0.04972547972880914,0.06812148565306608,0.032708975653096495,-0.05250573827505456,0.03348989295333271
2007-01-31,0.014059043023177953,1.3023037910461426,10.420000076293945,-0.04766584576213373,0.026448342994510377,5.25,0.020757651781234232,0.0185688405797102,4.6,2.5,-0.11,21.779727935791016,0.03348989295333271,21.168060938517254,20.157351811726887,18.707407871882122,0.0069620911315592055,0.02152577699216962,63.50418281555176,120.94411087036133,224.48889446258545,0.02050660374875135,0.022640750233420714,0.04972547972880914,0.03261748720181967,0.0764818083008294,-0.0871678846819075
2007-02-28,-0.021846175991944383,1.322891354560852,15.420000076293945,0.06277952466798231,0.02668715400929833,5.26,0.02420260782347028,0.0188196326407708,4.5,2.5,-0.09,19.881235122680664,-0.0871678846819075,20.91164207458496,20.46924368540446,18.806401014328003,0.06623274688708111,0.05449152569717886,62.73492622375488,122.81546211242676,225.67681217193604,0.03348989295333271,0.02050660374875135,0.022640750233420714,0.0681630626516363,-0.045469964734517365,-0.007219077136618179
2007-03-31,0.009979982939206433,1.3358982801437378,14.640000343322754,0.06603013061340501,-0.009560836839921816,5.26,0.027981972959439272,0.019607843137254832,4.4,2.75,0.07,19.73771095275879,-0.007219077136618179,20.466224670410156,20.552738189697266,18.868377447128296,0.06138312930218593,0.04900462747762412,61.39867401123047,123.3164291381836,226.42052936553955,-0.0871678846819075,0.03348989295333271,0.02050660374875135,0.06812148565306608,0.016084696962925582,0.07427307722227305
2007-04-30,0.043290690426759815,1.3652063608169556,14.220000267028809,-0.01244542782462199,-0.0016546003016590927,5.25,0.025929247633283525,0.019330855018587334,4.5,2.75,0.03,21.203691482543945,0.07427307722227305,20.2742125193278,20.721136728922527,19.23052255312602,0.08072171045275872,0.054201588066769564,60.8226375579834,124.32682037353516,230.7662706375122,-0.007219077136618179,-0.0871678846819075,0.03348989295333271,0.04972547972880914,-0.11245889493642658,0.025050281820168108
2007-05-31,0.032549228707361655,1.3456052541732788,13.050000190734863,-0.01599103288624104,-0.0013642482357687502,5.25,0.02709885742672613,0.01883155397390257,4.4,2.75,-0.02,21.73484992980957,0.025050281820168108,20.8920841217041,20.90186309814453,19.724187056223553,0.04103893747961139,0.054327907886972414,62.676252365112305,125.41117858886719,236.69024467468262,0.07427307722227305,-0.007219077136618179,-0.0871678846819075,0.022640750233420714,-0.062111603418755434,-0.036641969102932714
2007-06-30,-0.01781632254788501,1.3536012172698975,16.229999542236328,0.10420243628097015,-0.01951592195773444,5.25,0.02692765113974227,0.01911394280634182,4.6,3.0,0.16,20.93844223022461,-0.036641969102932714,21.292327880859375,20.879276275634766,20.1083877881368,0.055574222010567116,0.0570228691142567,63.876983642578125,125.2756576538086,241.3006534576416,0.025050281820168108,0.07427307722227305,-0.007219077136618179,0.02050660374875135,0.032708975653096495,-0.016287363904558427
2007-07-31,-0.03198187836198829,1.3672035932540894,23.520000457763672,0.019317704318649653,0.018239099653716506,5.26,0.023178905864958077,0.01794985907135449,4.7,3.0,0.22,20.597410202026367,-0.016287363904558427,21.090234120686848,20.682223320007324,20.419787565867107,0.03143523694519544,0.05480581530422427,63.27070236206055,124.09333992004395,245.03745079040527,-0.036641969102932714,0.025050281820168108,0.07427307722227305,0.03348989295333271,0.03261748720181967,-0.008968721568482163
2007-08-31,0.012863572018857905,1.3642005920410156,23.3799991607666,0.027685680658256828,0.01981944749980924,5.02,0.01897448478900876,0.017785682525566893,4.6,3.0,0.39,20.412677764892578,-0.008968721568482163,20.64951006571452,20.77079709370931,20.620020389556885,0.014339230032374074,0.03932531607432797,61.948530197143555,124.62478256225586,247.44024467468262,-0.016287363904558427,-0.036641969102932714,0.025050281820168108,-0.0871678846819075,0.0681630626516363,0.029003033230232234
2007-09-30,0.03579400817860079,1.427001714706421,18.0,0.10291737780062604,0.10371469211436657,4.94,0.028338264299802685,0.021639247072773093,4.7,3.0,0.62,21.00470733642578,0.029003033230232234,20.671598434448242,20.98196315765381,20.767350673675537,0.02431267420079532,0.039844895876313,62.01479530334473,125.89177894592285,249.20820808410645,-0.008968721568482163,-0.016287363904558427,-0.036641969102932714,-0.007219077136618179,0.06812148565306608,0.24949057962776178
2007-10-31,0.014822338223554832,1.4471989870071411,18.530000686645508,0.15760463556235726,0.06623588181956741,4.76,0.03610698365527476,0.025766326077298896,4.7,3.0,0.54,26.24518394470215,0.24949057962776178,22.554189682006836,21.822211901346844,21.271674315134685,0.13955752855229459,0.10551821955944635,67.66256904602051,130.93327140808105,255.2600917816162,0.029003033230232234,-0.008968721568482163,-0.016287363904558427,0.07427307722227305,0.04972547972880914,-0.08720442934919859
2007-11-30,-0.04404341737941575,1.469594120979309,22.8700008392334,-0.06156775383455171,-0.012373721960819095,4.49,0.04373267326732666,0.031088082901554515,4.7,3.0,0.93,23.95648765563965,-0.08720442934919859,23.73545964558919,22.192484855651855,21.547173976898193,0.17101776786128975,0.11797401731386242,71.20637893676758,133.15490913391113,258.5660877227783,0.24949057962776178,0.029003033230232234,-0.008968721568482163,0.025050281820168108,0.022640750233420714,0.06302721021546098
2007-12-31,-0.008628508561297932,1.4601097106933594,22.5,0.08195247827179197,0.06737408768165909,4.24,0.04108813392417532,0.031116354519982403,5.0,3.0,0.99,25.466398239135742,0.06302721021546098,25.222689946492512,22.94714419047038,21.91321023305257,0.16867209941622896,0.11512142491478802,75.66806983947754,137.68286514282227,262.95852279663086,-0.08720442934919859,0.24949057962776178,0.029003033230232234,-0.036641969102932714,0.02050660374875135,-0.08426992253511478
2008-01-31,-0.06116343227776988,1.4865025281906128,26.200000762939453,-0.04407171503425478,0.1051622771895202,3.94,0.04294695655165981,0.032755298651252485,5.0,3.0,1.5,23.32034683227539,-0.08426992253511478,24.24774424235026,23.400966962178547,22.041595141092937,0.08590169010082445,0.12451609097519752,72.74323272705078,140.4058017730713,264.49914169311523,0.06302721021546098,-0.08720442934919859,0.24949057962776178,-0.016287363904558427,0.03348989295333271,-0.16564381301129394
2008-02-29,-0.03476119273728817,1.519202709197998,26.540000915527344,0.10997271212959814,0.053538487835006254,2.98,0.04142959270611968,0.03324959361607793,4.9,3.0,1.88,19.457475662231445,-0.16564381301129394,22.74807357788086,23.241766611735027,22.006281852722168,0.11590843529221755,0.14778350994052303,68.24422073364258,139.45059967041016,264.075382232666,-0.08426992253511478,0.06302721021546098,-0.08720442934919859,-0.008968721568482163,-0.0871678846819075,0.047435817380905965
2008-03-31,-0.005959623397817415,1.5757957696914673,25.610000610351562,-0.0025529705045679307,-0.05750433575025271,2.61,0.03974903550134434,0.036553141514973575,5.1,3.0,1.83,20.380456924438477,0.047435817380905965,21.052759806315105,23.13772487640381,22.05984401702881,0.10752599752783222,0.14867759137219885,63.15827941894531,138.82634925842285,264.7181282043457,-0.16564381301129394,-0.08426992253511478,0.06302721021546098,0.029003033230232234,-0.007219077136618179,0.004933165213398816
2008-04-30,0.047546697641229096,1.5622069835662842,20.790000915527344,0.11695212678944888,-0.05828424329031312,2.28,0.039037609759888126,0.033406272793581326,5.0,3.0,1.48,20.48099708557129,0.004933165213398816,20.10630989074707,22.177027066548664,21.999619483947754,0.11277256598246459,0.08966313448755803,60.31892967224121,133.062162399292,263.99543380737305,0.047435817380905965,-0.16564381301129394,-0.08426992253511478,0.24949057962776178,0.07427307722227305,-0.007012890087587542
2008-05-31,0.01067418170406853,1.555790662765503,17.829999923706055,0.12242199455075897,0.028395920661369756,1.98,0.04088413823123993,0.03740358026488155,5.4,3.0,1.4,20.337366104125977,-0.007012890087587542,20.399606704711914,21.573840141296387,21.88316249847412,0.028617725927345322,0.08659898168181222,61.19882011413574,129.44304084777832,262.59794998168945,0.004933165213398816,0.047435817380905965,-0.16564381301129394,-0.08720442934919859,0.025050281820168108,-0.025025235314678707
2008-06-30,-0.08596238482631446,1.57500159740448,23.950000762939453,-0.01686382953434218,0.010094685250024993,2.0,0.04935966105947864,0.040418726373945946,5.6,3.0,1.36,19.828418731689453,-0.025025235314678707,20.215593973795574,20.63417689005534,21.79066054026286,0.015081216684090163,0.07576874317769142,60.64678192138672,123.80506134033203,261.4879264831543,-0.007012890087587542,0.004933165213398816,0.047435817380905965,0.06302721021546098,-0.036641969102932714,-0.06506741855991482
2008-07-31,-0.009859371185302779,1.5593082904815674,22.940000534057617,-0.008964589089037633,0.01968522698815911,2.01,0.054975120783418374,0.041241620518799094,5.8,3.25,1.47,18.53823471069336,-0.06506741855991482,19.56800651550293,19.837158203125,21.619062582651775,0.02971573459681272,0.07381724371157639,58.70401954650879,119.02294921875,259.4287509918213,-0.025025235314678707,-0.007012890087587542,0.004933165213398816,-0.08426992253511478,-0.016287363904558427,0.06104189426191442
2008-08-31,0.012190464669121548,1.4695078134536743,20.649999618530273,-0.06947132994339322,-0.09257034069490722,2.0,0.053080171620912386,0.039027231687781994,6.1,3.25,1.47,19.669843673706055,0.06104189426191442,19.34549903869629,19.8725528717041,21.557159741719563,0.0644392297866669,0.04661653587706682,58.03649711608887,119.23531723022461,258.68591690063477,-0.06506741855991482,-0.025025235314678707,-0.007012890087587542,-0.16564381301129394,-0.008968721568482163,-0.018085338384469685
2008-09-30,-0.09079143354379215,1.409641981124878,39.38999938964844,-0.1283561390294281,0.054142077746263784,1.81,0.04953319875136075,0.037139126650224785,6.1,3.25,1.85,19.31410789489746,-0.018085338384469685,19.174062093098957,19.694828033447266,21.416276454925537,0.06373381308782249,0.04143197048115338,57.522186279296875,118.1689682006836,256.99531745910645,0.06104189426191442,-0.06506741855991482,-0.025025235314678707,0.047435817380905965,0.029003033230232234,-0.16335687138899213
2008-10-31,-0.16942452401777075,1.2701960802078247,59.88999938964844,-0.3262122618259027,-0.18005035714502649,0.97,0.03731057889956513,0.032337231124585086,6.5,3.25,2.45,16.159015655517578,-0.16335687138899213,18.38098907470703,18.97449779510498,20.575762430826824,0.11381252367629961,0.07451586665936649,55.142967224121094,113.84698677062988,246.90914916992188,-0.018085338384469685,0.06104189426191442,-0.06506741855991482,0.004933165213398816,0.24949057962776178,-0.09449186482778871
2008-11-30,-0.0748490423387097,1.2675074338912964,55.279998779296875,-0.1973159966840654,0.1386719114213657,0.39,0.010999174706166848,0.02182340272792538,6.8,2.75,1.93,14.632120132446289,-0.09449186482778871,16.70174789428711,18.0236234664917,19.798731803894043,0.07266838458973786,0.07619026024200137,50.10524368286133,108.1417407989502,237.58478164672852,-0.16335687138899213,-0.018085338384469685,0.06104189426191442,-0.007012890087587542,-0.08720442934919859,-0.03206227770648162
2008-12-31,0.007821576633499472,1.3979953527450562,40.0,-0.18059896703913758,0.08257775345611007,0.16,-0.0002222800255385904,0.01659038901601817,7.3,2.0,1.49,14.162981033325195,-0.03206227770648162,14.984705607096354,17.079383850097656,18.856780370076496,0.06567357764868485,0.07576655677964322,44.95411682128906,102.47630310058594,226.28136444091797,-0.09449186482778871,-0.16335687138899213,-0.018085338384469685,-0.025025235314678707,0.06302721021546098,-0.12037078810113444
2009-01-31,-0.08565734305805428,1.2850992679595947,44.84000015258789,-0.06547081320282166,0.04945678294983269,0.15,-0.0011358601902212717,0.01176808266360485,7.8,1.0,1.93,12.458171844482422,-0.12037078810113444,13.751091003417969,16.0660400390625,17.95159912109375,0.04539743940291333,0.0808659579862778,41.253273010253906,96.396240234375,215.419189453125,-0.03206227770648162,-0.09449186482778871,-0.16335687138899213,-0.06506741855991482,-0.08426992253511478,-0.055555547049988774
2009-02-28,-0.10993119762019943,1.2678931951522827,46.349998474121094,0.051302975448591415,-0.011222360879981408,0.22,8.463140671510772e-05,0.012442791762013794,8.3,1.0,2.02,11.766051292419434,-0.055555547049988774,12.795734723409018,14.748741308848063,17.31064709027608,0.045737187978506115,0.05570385970119605,38.38720417022705,88.49244785308838,207.727765083313,-0.12037078810113444,-0.03206227770648162,-0.09449186482778871,0.06104189426191442,-0.16564381301129394,0.14526092151317282
2009-03-31,0.08540446199532292,1.3246963024139404,44.13999938964844,0.0872473835551506,-0.011045439229463105,0.18,-0.004464787676623838,0.006231411981305834,8.7,0.5,1.9,13.475198745727539,0.14526092151317282,12.566473960876465,13.77558978398641,16.73520890871684,0.13849697630352625,0.1078797874525251,37.699421882629395,82.65353870391846,200.82250690460205,-0.055555547049988774,-0.12037078810113444,-0.03206227770648162,-0.018085338384469685,0.047435817380905965,0.10288525574018537
2009-04-30,0.09392507914826331,1.323521614074707,36.5,0.073017630494292,-0.017717899769023826,0.15,-0.005763244243767063,0.006493506493506329,9.0,0.25,2.25,14.861598014831543,0.10288525574018537,13.367616017659506,13.559353510538736,16.266925652821858,0.10585086921756005,0.10837557173103671,40.102848052978516,81.35612106323242,195.2031078338623,0.14526092151317282,-0.055555547049988774,-0.12037078810113444,-0.16335687138899213,0.004933165213398816,0.031095423593457516
2009-05-31,0.05308144638516654,1.4120903015136719,28.920000076293945,0.29714395430541796,0.09891094013531898,0.18,-0.01015761495855172,0.0008417508417508657,9.4,0.25,2.55,15.323725700378418,0.031095423593457516,14.553507486979166,13.674621105194092,15.849122285842896,0.057710827933493476,0.10040956817718473,43.6605224609375,82.04772663116455,190.18946743011475,0.10288525574018537,0.14526092151317282,-0.055555547049988774,-0.09449186482778871,-0.007012890087587542,0.14509134905944965
2009-06-30,0.00019582726560996022,1.4038830995559692,26.350000381469727,0.053988869896900216,-0.05281979245178192,0.21,-0.012291746182109153,-0.0011179429849077493,9.5,0.25,2.42,17.54706573486328,0.14509134905944965,15.910796483357748,14.238635222117106,15.659009536107382,0.057634198955969655,0.11044978391560625,47.73238945007324,85.43181133270264,187.90811443328857,0.031095423593457516,0.10288525574018537,0.14526092151317282,-0.03206227770648162,-0.025025235314678707,-0.010517498583651919
2009-07-31,0.07414172714778422,1.4260046482086182,25.920000076293945,-0.006295642370136023,0.028691659283328397,0.16,-0.01958761003762277,-0.006158152554233687,9.5,0.25,2.39,17.36251449584961,-0.010517498583651919,16.74443531036377,15.056025664011637,15.56103285153707,0.08056138423564578,0.08427322175420776,50.23330593109131,90.33615398406982,186.73239421844482,0.14509134905944965,0.031095423593457516,0.10288525574018537,-0.12037078810113444,-0.06506741855991482,0.0480439435181399
2009-08-31,0.03356018886854417,1.434267520904541,26.010000228881836,0.0073434436089399036,-0.0020970954958590138,0.16,-0.014838355663267633,-0.0014015416958653715,9.6,0.25,2.43,18.196678161621094,0.0480439435181399,17.702086130777996,16.127796808878582,15.438269058863321,0.07859363299928192,0.06414206777570233,53.106258392333984,96.76678085327148,185.25922870635986,-0.010517498583651919,0.14509134905944965,0.031095423593457516,-0.055555547049988774,0.06104189426191442,0.049274446296238006
2009-09-30,0.03572334572311964,1.465502142906189,25.610000610351562,0.009291045374286933,0.05915728388235153,0.15,-0.01377942862886472,-0.0032172331794655395,9.8,0.25,2.36,19.09330940246582,0.049274446296238006,18.217500686645508,17.06414858500163,15.419869184494019,0.034171219153570805,0.05502746813442706,54.65250205993652,102.38489151000977,185.03843021392822,0.0480439435181399,-0.010517498583651919,0.14509134905944965,0.14526092151317282,-0.018085338384469685,0.07814977893475317
2009-10-31,-0.019762000526814205,1.4732965230941772,30.690000534057617,0.09049708730227168,0.0314483642578125,0.12,-0.002239682942003385,-0.0012585652356313926,10.0,0.25,2.51,20.585447311401367,0.07814977893475317,19.29181162516276,18.018123467763264,15.788738489151001,0.01703750910101961,0.05210917337440553,57.87543487548828,108.10874080657959,189.464861869812,0.049274446296238006,0.0480439435181399,-0.010517498583651919,0.10288525574018537,-0.16335687138899213,0.060583989015541295
2009-11-30,0.05736406145372763,1.5038950443267822,24.510000228881836,0.007331950794566833,0.01858834641154128,0.12,0.019145871744709275,0.00477729380356906,9.9,0.25,2.54,21.832595825195312,0.060583989015541295,20.5037841796875,19.102935155232746,16.38877813021342,0.01455018652223212,0.05056120434377543,61.5113525390625,114.61761093139648,196.66533756256104,0.07814977893475317,0.049274446296238006,0.0480439435181399,0.031095423593457516,-0.09449186482778871,0.040963457343720755
2009-12-31,0.017770570919338313,1.4327058792114258,21.68000030517578,0.0231476900569223,0.034157507432849066,0.12,0.028141231232083674,0.009144625773776172,9.9,0.25,2.71,22.7269344329834,0.040963457343720755,21.71499252319336,19.966246604919434,17.10244091351827,0.018602619672340174,0.02988560690799698,65.14497756958008,119.7974796295166,205.22929096221924,0.060583989015541295,0.07814977893475317,0.049274446296238006,0.14509134905944965,-0.03206227770648162,-0.0754592836079584
2010-01-31,-0.03697424569226215,1.387694001197815,24.6200008392334,-0.08152723249675975,-0.011139473809162359,0.11,0.026211113889767157,0.009219858156028549,9.8,0.25,2.81,21.01197624206543,-0.0754592836079584,21.857168833414715,20.574490229288738,17.81525794665019,0.07353796287167891,0.05498232764204512,65.57150650024414,123.44694137573242,213.78309535980225,0.040963457343720755,0.060583989015541295,0.07814977893475317,-0.010517498583651919,-0.12037078810113444,0.017388191182051926
2010-02-28,0.028513689046546054,1.3637913465499878,19.5,0.092879741105093,0.032594689591989745,0.13,0.02151336357866529,0.008193247633846656,9.8,0.25,2.8,21.377336502075195,0.017388191182051926,21.705415725708008,21.104599952697754,18.616198380788166,0.061550387705490164,0.054794893162342595,65.11624717712402,126.62759971618652,223.394380569458,-0.0754592836079584,0.040963457343720755,0.060583989015541295,0.0480439435181399,-0.055555547049988774,0.02640267147732911
2010-03-31,0.058796425545497355,1.3508037328720093,17.59000015258789,0.05146872063315344,-0.0044710719678850985,0.16,0.022861714393279886,0.015622800844475648,9.9,0.25,2.82,21.941755294799805,0.02640267147732911,21.443689346313477,21.579340934753418,19.32174475987752,0.05638819664266729,0.05384659400029524,64.33106803894043,129.4760456085205,231.86093711853027,0.017388191182051926,-0.0754592836079584,0.040963457343720755,0.049274446296238006,0.14526092151317282,0.04267668445876005
2010-04-30,0.014759230482012997,1.3298048973083496,22.049999237060547,0.028533898384592415,0.060001728040995905,0.2,0.022067707525304403,0.016129032258064502,9.9,0.25,2.72,22.878156661987305,0.04267668445876005,22.065749486287434,21.961459159851074,19.98979131380717,0.01281673545096288,0.04848053848289879,66.1972484588623,131.76875495910645,239.87749576568604,0.02640267147732911,0.017388191182051926,-0.0754592836079584,0.07814977893475317,0.10288525574018537,-0.15520607652869256
2010-05-31,-0.08197584207319053,1.2287880182266235,32.06999969482422,-0.14138131270394683,0.027201064528451724,0.2,0.020035489292185682,0.016820857863750982,9.6,0.25,2.55,19.327327728271484,-0.15520607652869256,21.382413228352863,21.543914477030437,20.323424816131592,0.10985154220344519,0.08062947616075887,64.1472396850586,129.26348686218262,243.8810977935791,0.04267668445876005,0.02640267147732911,0.017388191182051926,0.060583989015541295,0.031095423593457516,-0.10411556755760287
2010-06-30,-0.05388244223983851,1.223002314567566,34.540000915527344,0.022441476346092504,0.027470755790686807,0.18,0.011215605940686268,0.014829322887520924,9.4,0.25,2.36,17.315052032470703,-0.10411556755760287,19.840178807576496,20.641934076944988,20.30409034093221,0.10272600486648757,0.08144598402600924,59.52053642272949,123.85160446166992,243.64908409118652,-0.15520607652869256,0.04267668445876005,0.02640267147732911,0.040963457343720755,0.14509134905944965,0.12168660444935786
2010-07-31,0.06877784957463517,1.3040019273757935,23.5,0.043897921663274664,-0.051224447071959056,0.18,0.013407784804821077,0.01718067877763696,9.4,0.25,2.39,19.422061920166016,0.12168660444935786,18.688147226969402,20.376948356628418,20.475719292958576,0.14734676660245977,0.10209897639384932,56.0644416809082,122.26169013977051,245.70863151550293,-0.10411556755760287,-0.15520607652869256,0.04267668445876005,-0.0754592836079584,-0.010517498583651919,-0.09066240822472982
2010-08-31,-0.04744918363260475,1.266592264175415,26.049999237060547,0.003492105726500938,0.04391126333946471,0.19,0.011501775395112546,0.015719298245614022,9.5,0.25,2.0,17.661211013793945,-0.09066240822472982,18.132774988810223,19.757594108581543,20.43109703063965,0.12666209085775995,0.10606565252231548,54.398324966430664,118.54556465148926,245.17316436767578,0.12168660444935786,-0.10411556755760287,-0.15520607652869256,0.017388191182051926,0.0480439435181399,0.04902543435914519
2010-09-30,0.08755110305113556,1.3628062009811401,23.700000762939453,0.009394710912843829,0.06015788600319949,0.19,0.011183122472331775,0.0188043783328653,9.5,0.25,2.11,18.52705955505371,0.04902543435914519,18.53677749633789,19.188478151957195,20.383909543355305,0.10792315336098805,0.10869347560106261,55.61033248901367,115.13086891174316,244.60691452026367,-0.09066240822472982,0.12168660444935786,-0.10411556755760287,0.02640267147732911,0.049274446296238006,0.08901587118566234
2010-10-31,0.03685599403554063,1.377808928489685,21.200000762939453,0.018256834590302473,0.03769683813820657,0.19,0.011666951489314625,0.019462335480257664,9.4,0.25,2.29,20.17626190185547,0.08901587118566234,18.788177490234375,18.738162358601887,20.349810759226482,0.09433646563868435,0.11569434117494186,56.364532470703125,112.42897415161133,244.19772911071777,0.04902543435914519,-0.09066240822472982,0.12168660444935786,0.04267668445876005,0.07814977893475317,-0.052867924628187124
2010-11-30,-0.002290249746576656,1.3103927373886108,23.540000915527344,0.03291170692781442,0.02055856231374298,0.19,0.01084544776600338,0.01915815969794421,9.8,0.25,2.36,19.10958480834961,-0.052867924628187124,19.270968755086262,18.701871871948242,20.122893174489338,0.07315793777602346,0.09691786234501619,57.81290626525879,112.21123123168945,241.47471809387207,0.08901587118566234,0.04902543435914519,-0.09066240822472982,-0.15520607652869256,0.060583989015541295,0.11169740149792506
2010-12-31,0.06530004034715509,1.3301233053207397,17.75,0.08643439056367908,0.02606496432197658,0.18,0.01437793022217937,0.022166457549142482,9.3,0.25,2.69,21.244075775146484,0.11169740149792506,20.17664082845052,19.356709162394207,19.999321619669598,0.08918819979388698,0.08940909041660447,60.52992248535156,116.14025497436523,239.99185943603516,-0.052867924628187124,0.08901587118566234,0.04902543435914519,-0.10411556755760287,0.040963457343720755,-0.00644917487085217
2011-01-31,0.022645574359139164,1.3572757244110107,19.530000686645508,0.008864141084858446,-0.061431235140101736,0.17,0.017007834915029774,0.023190442726633842,9.1,0.25,2.84,21.10706901550293,-0.00644917487085217,20.486909866333008,19.63754367828369,20.007246017456055,0.08484796245804514,0.08025118064313808,61.46072959899902,117.82526206970215,240.08695220947266,0.11169740149792506,-0.052867924628187124,0.08901587118566234,0.12168660444935786,-0.0754592836079584,-0.04147130044749847
2011-02-28,0.03195656372809341,1.373437762260437,18.350000381469727,0.05184942675682125,0.056605186111917005,0.16,0.02124898173333145,0.02437999159310622,9.0,0.25,2.73,20.231731414794922,-0.04147130044749847,20.860958735148113,20.065963745117188,19.911778926849365,0.08025564782121324,0.06879303324160863,62.582876205444336,120.39578247070312,238.94134712219238,-0.00644917487085217,0.11169740149792506,-0.052867924628187124,-0.09066240822472982,0.017388191182051926,-0.03912464055258791
2011-03-31,-0.0010473129391664893,1.4121301174163818,17.739999771118164,0.10054655952627112,0.02100331693775992,0.14,0.02619241510354109,0.02674611973392471,9.0,0.25,2.67,19.44017219543457,-0.03912464055258791,20.25965754191081,20.218149185180664,19.703313668568928,0.019577802694578497,0.071932244539195,60.77897262573242,121.30889511108398,236.43976402282715,-0.04147130044749847,-0.00644917487085217,0.11169740149792506,0.04902543435914519,0.02640267147732911,0.02087468624441957
2011-04-30,0.028495380666536008,1.4820963144302368,14.75,0.06755996066343695,0.08138159260482469,0.1,0.030772344447868694,0.02843340234644587,9.1,0.5,2.71,19.845979690551758,0.02087468624441957,19.83929443359375,20.16310214996338,19.450632254282635,0.035337534542714655,0.061628396051621855,59.51788330078125,120.97861289978027,233.4075870513916,-0.03912464055258791,-0.04147130044749847,-0.00644917487085217,0.08901587118566234,0.04267668445876005,-0.035107994620667826
2011-05-31,-0.01350095289522324,1.4322338104248047,15.449999809265137,-0.06729948919285189,-0.015088097422778723,0.09,0.034589718808965,0.027295285359801413,9.0,0.5,2.6,19.149227142333984,-0.035107994620667826,19.47845967610677,20.16970920562744,19.435790538787842,0.033541300952404776,0.059023281702520206,58.43537902832031,121.01825523376465,233.2294864654541,0.02087468624441957,-0.03912464055258791,-0.04147130044749847,-0.052867924628187124,-0.15520607652869256,0.046398451748108194
2011-06-30,-0.018257461652479323,1.4478904008865356,16.520000457763672,-0.10203565907466572,-0.01972099156203333,0.09,0.03502318150636041,0.027157430383236925,9.1,0.5,2.73,20.037721633911133,0.046398451748108194,19.677642822265625,19.968650182088215,19.66267967224121,0.04169097416706971,0.03636308482188155,59.032928466796875,119.8119010925293,235.95215606689453,-0.035107994620667826,0.02087468624441957,-0.03912464055258791,0.11169740149792506,-0.10411556755760287,0.05384589098110837
2011-07-31,-0.02147442530666621,1.4331985712051392,25.25,0.002934382568328342,0.08387139446496517,0.07,0.035798809769996165,0.025751072961373467,9.0,0.75,2.46,21.116670608520508,0.05384589098110837,20.101206461588543,19.970250447591145,19.80389706293742,0.04934835173615096,0.04464580420472053,60.303619384765625,119.82150268554688,237.64676475524902,0.046398451748108194,-0.035107994620667826,0.02087468624441957,-0.00644917487085217,0.12168660444935786,-0.02919715149653379
2011-08-31,-0.05679110795232889,1.4433138370513916,31.6200008392334,-0.07199581618978301,0.12295028260667151,0.1,0.0375499603070808,0.025563078623739077,9.0,0.75,2.03,20.500123977661133,-0.02919715149653379,20.55150540669759,20.01498254140218,20.040473143259685,0.04594617591086698,0.04254780773966802,61.65451622009277,120.08989524841309,240.4856777191162,0.05384589098110837,0.046398451748108194,-0.035107994620667826,-0.04147130044749847,-0.09066240822472982,-0.05837958780863617
2011-09-30,-0.07176198808089651,1.3585848808288574,42.959999084472656,-0.10820854492210985,-0.11380911981730246,0.08,0.03812621692818685,0.02988980716253442,9.0,0.75,1.67,19.303335189819336,-0.05837958780863617,20.30670992533366,19.99217637379964,20.105162779490154,0.05822702634607745,0.046863122961401035,60.92012977600098,119.95305824279785,241.26195335388184,-0.02919715149653379,0.05384589098110837,0.046398451748108194,-0.03912464055258791,0.04902543435914519,0.06990726847973128
2011-10-31,0.10772303843744147,1.4140071868896484,29.959999084472656,0.17664149030594833,0.06405821105522791,0.07,0.035222681306640524,0.030490317264112,8.8,0.75,1.92,20.65277862548828,0.06990726847973128,20.152079264322918,20.12664286295573,20.144872506459553,0.06724435310157285,0.054876090047431686,60.45623779296875,120.75985717773438,241.73847007751465,-0.05837958780863617,-0.02919715149653379,0.05384589098110837,0.02087468624441957,0.08901587118566234,-0.03942915056182095
2011-11-30,-0.005058715107011391,1.3324095010757446,27.799999237060547,0.07693956412817449,0.012353583941147939,0.08,0.03451432214581729,0.03032381997804623,8.6,0.5,1.83,19.838457107543945,-0.03942915056182095,19.93152364095052,20.241514523824055,20.20561186472575,0.06924724915959674,0.055577462069367166,59.79457092285156,121.44908714294434,242.46734237670898,0.06990726847973128,-0.05837958780863617,-0.02919715149653379,-0.035107994620667826,-0.052867924628187124,0.022497023141380135
2011-12-31,0.008532763666636134,1.2956053018569946,23.399999618530273,-0.015245105320765284,-0.1029504160251361,0.07,0.03062066838419386,0.02755046372067671,8.5,0.25,1.64,20.28476333618164,0.022497023141380135,20.25866635640462,20.28268814086914,20.12566916147868,0.054828573574660186,0.05300208723028764,60.77599906921387,121.69612884521484,241.50802993774414,-0.03942915056182095,0.06990726847973128,-0.05837958780863617,0.046398451748108194,0.11169740149792506,0.13752007746455175
2012-01-31,0.043583062704985354,1.3139568567276,19.440000534057617,0.031113619769758127,0.039403554944970054,0.08,0.030087663379855023,0.026648351648351554,8.3,0.25,1.61,23.074325561523438,0.13752007746455175,21.06584866841634,20.60896396636963,20.28960720698039,0.0897925231802733,0.07530584690514786,63.19754600524902,123.65378379821777,243.47528648376465,0.022497023141380135,-0.03942915056182095,0.06990726847973128,0.05384589098110837,-0.00644917487085217,0.07483861251065504
2012-02-29,0.04058946376811723,1.3477997779846191,18.43000030517578,0.05068486085292845,0.05063101791114355,0.1,0.028981784423473878,0.027356038845575137,8.3,0.25,1.68,24.801176071166992,0.07483861251065504,22.720088322957356,21.325805981953938,20.67039426167806,0.05758893275086161,0.07447177038327855,68.16026496887207,127.95483589172363,248.04473114013672,0.13752007746455175,0.022497023141380135,-0.03942915056182095,-0.02919715149653379,-0.04147130044749847,0.023074286398965027
2012-03-31,0.03133231453144192,1.334507703781128,15.5,-0.03782575010088085,-0.02374406398400397,0.13,0.025828752813320977,0.026859225266567588,8.2,0.25,1.9,25.373445510864258,0.023074286398965027,24.41631571451823,22.337491035461426,21.164833704630535,0.0573096132122,0.06021562162455832,73.24894714355469,134.02494621276855,253.9780044555664,0.07483861251065504,0.13752007746455175,0.022497023141380135,-0.05837958780863617,-0.03912464055258791,-0.0074396040049032885
2012-04-30,-0.007497452372495994,1.3241524696350098,17.149999618530273,-0.06348475328179881,-0.02446910567429117,0.14,0.022731633741348567,0.025768353241175657,8.2,0.25,1.68,25.184677124023438,-0.0074396040049032885,25.119766235351562,23.092807451883953,21.60972515741984,0.04159396566482077,0.06282779502731765,75.35929870605469,138.5568447113037,259.3167018890381,0.023074286398965027,0.07483861251065504,0.13752007746455175,0.06990726847973128,0.02087468624441957,-0.08838207201077486
2012-05-31,-0.06265072571454366,1.2374706268310547,24.059999465942383,-0.10312831332647765,-0.04043946176271784,0.16,0.01737942937466075,0.024288781535158455,8.2,0.25,1.32,22.958803176879883,-0.08838207201077486,24.50564193725586,23.61286513010661,21.927189826965332,0.057598177726413714,0.07620763125492416,73.51692581176758,141.67719078063965,263.126277923584,-0.0074396040049032885,0.023074286398965027,0.07483861251065504,-0.03942915056182095,-0.035107994620667826,0.05483813483813482
2012-06-30,0.03955498222833631,1.266496181488037,17.079999923706055,-0.01814399303100256,0.02617434087615811,0.16,0.01653870448297634,0.023620990471077574,8.2,0.25,1.34,24.21782112121582,0.05483813483813482,24.120433807373047,24.268374760945637,22.27553145090739,0.07181251925689058,0.07696389790849056,72.36130142211914,145.61024856567383,267.3063774108887,-0.08838207201077486,-0.0074396040049032885,0.023074286398965027,0.022497023141380135,0.046398451748108194,-0.03661359869759373
2012-07-31,0.012597574204787909,1.2259409427642822,18.93000030517578,0.053472527354603505,0.020870589139419193,0.16,0.014175114798464783,0.024024834660548056,8.2,0.0,1.28,23.331119537353516,-0.03661359869759373,23.502581278483074,24.311173756917317,22.460068861643474,0.07252059712673811,0.060463157830089674,70.50774383544922,145.8670425415039,269.5208263397217,0.05483813483813482,-0.08838207201077486,-0.0074396040049032885,0.13752007746455175,0.05384589098110837,0.0458095689206528
2012-08-31,0.019763369506085704,1.2510946989059448,17.469999313354492,0.07784067928750416,0.029098946588403507,0.13,0.016859349154821235,0.026138507140932354,8.1,0.0,1.35,24.3999080657959,0.0458095689206528,23.98294957478841,24.244295756022137,22.785050868988037,0.05039595408602056,0.054466137637388404,71.94884872436523,145.4657745361328,273.42061042785645,-0.03661359869759373,0.05483813483813482,-0.08838207201077486,0.07483861251065504,-0.02919715149653379,-0.027996622104112134
2012-09-30,0.024236153617775313,1.284505009651184,15.729999542236328,-0.04436611096858112,0.05134750163457258,0.14,0.019497168982819613,0.026079978601043274,7.8,0.0,1.42,23.716793060302734,-0.027996622104112134,23.815940221150715,23.968187014261883,23.152839024861652,0.04530486485912646,0.053853785072991864,71.44782066345215,143.8091220855713,277.83406829833984,0.0458095689206528,-0.03661359869759373,0.05483813483813482,0.023074286398965027,-0.05837958780863617,-0.04099423938210278
2012-10-31,-0.01978940971629395,1.2962603569030762,18.600000381469727,-0.06454067057236923,-0.030263664572749427,0.16,0.021556780595369363,0.0249233639877382,7.8,0.0,1.42,22.74454116821289,-0.04099423938210278,23.62041409810384,23.561497688293457,23.327152570088703,0.04681736327537529,0.05526300678728488,70.86124229431152,141.36898612976074,279.92583084106445,-0.027996622104112134,0.0458095689206528,-0.03661359869759373,-0.0074396040049032885,0.06990726847973128,-0.06727428553698256
2012-11-30,0.0028467166850427716,1.2973533868789673,15.869999885559082,0.030960179319085457,-0.003842780544941804,0.16,0.017960197033926262,0.021973631642029368,7.7,0.0,1.37,21.214418411254883,-0.06727428553698256,22.558584213256836,23.270766894022625,23.441816012064617,0.02000963820076725,0.050133636112413615,67.67575263977051,139.62460136413574,281.3017921447754,-0.04099423938210278,-0.027996622104112134,0.0458095689206528,-0.08838207201077486,-0.03942915056182095,0.011625840135257803
2012-12-31,0.007068230956284616,1.3227688074111938,18.020000457763672,0.03272968072044957,-0.02109999127406681,0.16,0.017595049796895523,0.022298911600743265,7.9,0.0,1.53,21.4610538482666,0.011625840135257803,21.806671142578125,22.81130568186442,23.53984022140503,0.04017616089468006,0.040849005820665744,65.42001342773438,136.86783409118652,282.47808265686035,-0.06727428553698256,-0.04099423938210278,-0.027996622104112134,0.05483813483813482,0.022497023141380135,0.027705144780293844
2013-01-31,0.050428096466868855,1.3568336963653564,14.279999732971191,0.06175123271390004,-0.008478667798059503,0.14,0.01684061762098299,0.01980198019801982,8.0,0.0,1.75,22.055635452270508,0.027705144780293844,21.577035903930664,22.598725001017254,23.454949378967285,0.05083447985432324,0.04371681403233795,64.73110771179199,135.59235000610352,281.4593925476074,0.011625840135257803,-0.06727428553698256,-0.04099423938210278,-0.03661359869759373,0.13752007746455175,0.012750459311428486
2013-02-28,0.011060648765041536,1.3150973320007324,15.510000228881836,-0.05580054293993786,-0.04992173047865511,0.15,0.020181404902574807,0.018506190919983956,7.7,0.0,1.64,22.336854934692383,0.012750459311428486,21.951181411743164,22.2548828125,23.249589284261067,0.00897637105249073,0.03707918047185527,65.85354423522949,133.529296875,278.9950714111328,0.027705144780293844,0.011625840135257803,-0.06727428553698256,0.0458095689206528,0.07483861251065504,0.037657251400292635
2013-03-31,0.03598772398287298,1.2807868719100952,12.699999809265137,0.0562737657082224,0.010838624697648402,0.14,0.015187472411246183,0.01735015772870674,7.5,0.0,1.62,23.17799949645996,0.037657251400292635,22.523496627807617,22.16508388519287,23.066635449727375,0.012536847927917616,0.041551195883125856,67.57048988342285,132.99050331115723,276.7996253967285,0.012750459311428486,0.027705144780293844,0.011625840135257803,-0.027996622104112134,0.023074286398965027,0.15693830791065833
2013-04-30,0.018085767779890016,1.3095861673355103,13.520000457763672,-0.03877408353696299,-0.07687490212101367,0.15,0.01138808047576867,0.011775480832133756,7.6,0.0,1.48,26.815515518188477,0.15693830791065833,24.11012331644694,22.8435796101888,23.20253864924113,0.07706972429566761,0.07249085107585496,72.33036994934082,137.0614776611328,278.43046379089355,0.037657251400292635,0.012750459311428486,0.027705144780293844,-0.04099423938210278,-0.0074396040049032885,0.05438040528049792
2013-05-31,0.020762811683057825,1.3043931722640991,16.299999237060547,-0.01594262656072587,-0.05406872587013445,0.11,0.013903888279197085,0.01414908947988991,7.5,0.0,1.86,28.273754119873047,0.05438040528049792,26.08908971150716,24.020135561625164,23.645451227823894,0.06458296693637243,0.054707059391049084,78.26726913452148,144.12081336975098,283.7454147338867,0.15693830791065833,0.037657251400292635,0.012750459311428486,-0.06727428553698256,-0.08838207201077486,-0.0033752282679162526
2013-06-30,-0.014999301595580827,1.3013039827346802,16.860000610351562,0.04990753807728976,-0.12121207074327989,0.09,0.017157935271568725,0.0161269175298282,7.5,0.0,2.16,28.17832374572754,-0.0033752282679162526,27.75586446126302,25.13968054453532,23.97549311319987,0.08119345876829737,0.05711117694790032,83.26759338378906,150.8380832672119,287.70591735839844,0.05438040528049792,0.15693830791065833,0.037657251400292635,0.011625840135257803,0.05483813483813482,-0.07817027409174382
2013-07-31,0.04946207991308538,1.3264886140823364,13.449999809265137,0.08771749621848768,0.07239742772585944,0.09,0.01885471805415806,0.015948332674311283,7.3,0.0,2.29,25.975616455078125,-0.07817027409174382,27.475898106892902,25.793010711669922,24.195867856343586,0.066457623952423,0.07730281616269973,82.42769432067871,154.75806427001953,290.35041427612305,-0.0033752282679162526,0.05438040528049792,0.15693830791065833,0.027705144780293844,-0.03661359869759373,0.04899519073180536
2013-08-31,-0.031298019479343964,1.3224014043807983,17.010000228881836,0.024945280177404605,0.06377624932553916,0.08,0.01538809488600279,0.013392857142857206,7.2,0.0,2.39,27.2482967376709,0.04899519073180536,27.134078979492188,26.611584345499676,24.433233578999836,0.06391141670283983,0.07709833328097544,81.40223693847656,159.66950607299805,293.19880294799805,-0.07817027409174382,-0.0033752282679162526,0.05438040528049792,0.012750459311428486,0.0458095689206528,0.0034283322326018606
2013-09-30,0.029749523259195332,1.349545955657959,16.600000381469727,-0.043838659108947686,-0.024546592938912926,0.08,0.010947341081747997,0.010818561001042726,7.2,0.0,2.31,27.341712951660156,0.0034283322326018606,26.85520871480306,27.30553658803304,24.735310236612957,0.06442790103590124,0.0782157513056433,80.56562614440918,163.83321952819824,296.82372283935547,0.04899519073180536,-0.07817027409174382,-0.0033752282679162526,0.037657251400292635,-0.027996622104112134,0.06400260566286597
2013-10-31,0.04459575276194472,1.3724011182785034,13.75,-0.06364251005644594,-0.02807287898233668,0.09,0.00876799143491147,0.00728218465539654,7.2,0.0,2.26,29.09165382385254,0.06400260566286597,27.893887837727863,27.684892972310383,25.264236291249592,0.031545743764687204,0.053403943946960825,83.6816635131836,166.1093578338623,303.1708354949951,0.0034283322326018606,0.04899519073180536,-0.07817027409174382,0.15693830791065833,-0.04099423938210278,0.07681385329067769
2013-11-30,0.028049471367328715,1.359397530555725,13.699999809265137,-0.037974643463533075,-0.05515261510010527,0.08,0.012328701961954458,0.00847015897836867,6.9,0.0,2.47,31.326295852661133,0.07681385329067769,29.25322087605794,28.193649927775066,26.106892744700115,0.03919780046624799,0.05736147061552808,87.75966262817383,169.1618995666504,313.28271293640137,0.06400260566286597,0.0034283322326018606,0.04899519073180536,0.05438040528049792,-0.06727428553698256,-0.011441852688635401
2013-12-31,0.023562791975445974,1.3810056447982788,13.720000267028809,0.02270382340288779,-0.0005823196190501978,0.09,0.015128383667573297,0.0084393663983382,6.7,0.0,2.66,30.967864990234375,-0.011441852688635401,30.461938222249348,28.658573468526203,26.89912700653076,0.04768833540052789,0.05807013480875059,91.38581466674805,171.95144081115723,322.78952407836914,0.07681385329067769,0.06400260566286597,0.0034283322326018606,-0.0033752282679162526,0.011625840135257803,0.011494584899803373
2014-01-31,-0.035582905955811595,1.3558770418167114,18.40999984741211,0.028103298771528396,-0.007818203172379468,0.07,0.01557758795574915,0.007609551298871642,6.6,0.0,2.33,31.323827743530273,0.011494584899803373,31.20599619547526,29.549942016601562,27.671476364135742,0.045792569685256336,0.03590268240157408,93.61798858642578,177.29965209960938,332.0577163696289,-0.011441852688635401,0.07681385329067769,0.06400260566286597,-0.07817027409174382,0.027705144780293844,0.01242097298575695
2014-02-28,0.0431170301781616,1.3707455396652222,14.0,0.052313043244166746,0.06555926975944937,0.07,0.011204746347724948,0.007058823529411784,6.7,0.0,2.33,31.712900161743164,0.01242097298575695,31.334864298502605,30.294042587280273,28.452813466389973,0.013517721783524086,0.035587439481780274,94.00459289550781,181.76425552368164,341.4337615966797,0.011494584899803373,-0.011441852688635401,0.07681385329067769,0.04899519073180536,0.012750459311428486,0.07797852525454108
2014-03-31,0.006932165418227054,1.3752131462097168,13.880000114440918,-0.009844960940532776,-0.028757378006595724,0.08,0.016126949139408042,0.0046511627906977715,6.7,0.0,2.29,34.18582534790039,0.07797852525454108,32.407517751057945,31.434727986653645,29.370132287343342,0.03811990988851809,0.038937059257814564,97.22255325317383,188.60836791992188,352.4415874481201,0.01242097298575695,0.011494584899803373,-0.011441852688635401,0.0034283322326018606,0.037657251400292635,-0.01439339743566137
2014-04-30,0.006200789153414155,1.3813681602478027,13.40999984741211,-0.018113840658768643,0.009505961461583112,0.09,0.02015125303606169,0.007112375533428139,6.2,0.0,2.25,33.69377517700195,-0.01439339743566137,33.197500228881836,32.20174821217855,29.943320592244465,0.04752082915602396,0.04173847311477147,99.59250068664551,193.2104892730713,359.3198471069336,0.07797852525454108,0.01242097298575695,0.011494584899803373,0.06400260566286597,0.15693830791065833,0.013366134469032565
2014-05-31,0.02103028007328045,1.3634566068649292,11.399999618530273,0.029777434171992967,-0.038592158800703436,0.09,0.02166947687079812,0.004908926495285071,6.3,0.0,2.11,34.14413070678711,0.013366134469032565,34.00791041056315,32.671387354532875,30.432518641153973,0.047395366784936006,0.033319639107272245,102.02373123168945,196.02832412719727,365.19022369384766,-0.01439339743566137,0.07797852525454108,0.01242097298575695,0.07681385329067769,0.05438040528049792,0.025749107972702356
2014-06-30,0.019058331749470137,1.3644425868988037,11.569999694824219,-0.018388865065343207,0.012540245522446813,0.1,0.020589816945944195,0.004903225806451639,6.1,-0.1,2.06,35.023311614990234,0.025749107972702356,34.2870724995931,33.34729512532552,31.00293429692586,0.02055622527289808,0.03080248121345722,102.8612174987793,200.08377075195312,372.03521156311035,0.013366134469032565,-0.01439339743566137,0.07797852525454108,-0.011441852688635401,-0.0033752282679162526,0.035011950026744953
2014-07-31,-0.015079830845342368,1.3396027088165283,16.950000762939453,-0.026296835686224318,0.015921046329937294,0.09,0.019742378703305974,0.0037623248572911105,6.2,-0.1,2.05,36.24954605102539,0.035011950026744953,35.13899612426758,34.16824817657471,31.859095096588135,0.010860322331536323,0.030831607134230648,105.41698837280273,205.00948905944824,382.3091411590576,0.025749107972702356,0.013366134469032565,-0.01439339743566137,0.011494584899803373,-0.07817027409174382,0.052595389409699544
2014-08-31,0.037655295579825276,1.313456416130066,12.09000015258789,-0.022511960127261754,0.0035120579321883394,0.09,0.017150983482969062,0.0036278828712099642,6.1,-0.1,1.87,38.156105041503906,0.052595389409699544,36.47632090250651,35.24211565653483,32.768079121907554,0.013636350993127367,0.031891789871766864,109.42896270751953,211.45269393920898,393.2169494628906,0.035011950026744953,0.025749107972702356,0.013366134469032565,0.01242097298575695,0.04899519073180536,0.026844373456994308
2014-09-30,-0.015513837249453988,1.269083857536316,16.309999465942383,-0.05002079479114929,-0.05856279823348376,0.09,0.016840509711232077,0.003223726627981982,5.9,-0.2,1.94,39.180381774902344,0.026844373456994308,37.86201095581055,36.07454172770182,33.754634857177734,0.01315928993875438,0.022509370568004214,113.58603286743164,216.44725036621094,405.0556182861328,0.052595389409699544,0.035011950026744953,0.025749107972702356,0.07797852525454108,0.0034283322326018606,0.012726730330013813
2014-10-31,0.023201460667203078,1.2613362073898315,14.029999732971191,-0.1164984896879313,-0.032548553832352334,0.09,0.016095417021513292,0.0037438678027370553,5.7,-0.2,1.85,39.679019927978516,0.012726730330013813,39.00516891479492,37.07208251953125,34.6369153658549,0.020215227951841275,0.01488247389632147,117.01550674438477,222.4324951171875,415.6429843902588,0.026844373456994308,0.052595389409699544,0.035011950026744953,-0.01439339743566137,0.06400260566286597,0.018317152035111528
2014-11-30,0.02453358864631494,1.2437965869903564,13.329999923706055,-0.17866897474636334,0.0035009612086160935,0.09,0.01231524989320798,0.0028427445406382645,5.8,-0.2,1.71,40.405826568603516,0.018317152035111528,39.75507609049479,38.11569849650065,35.39354292551676,0.007109549534246117,0.01404121247588344,119.26522827148438,228.6941909790039,424.7225151062012,0.012726730330013813,0.026844373456994308,0.052595389409699544,0.013366134469032565,0.07681385329067769,-0.022318047949683506
2014-12-31,-0.004188587515997044,1.2162047624588013,19.200000762939453,-0.19470900636451804,0.00740305786561013,0.12,0.006531213919623191,-0.0016737479078150486,5.6,-0.2,1.5,39.50404739379883,-0.022318047949683506,39.86296463012695,38.86248779296875,36.10489145914713,0.02202501902124886,0.025217177924903404,119.58889389038086,233.1749267578125,433.2586975097656,0.018317152035111528,0.012726730330013813,0.026844373456994308,0.025749107972702356,-0.011441852688635401,-0.13024755621249606
2015-01-31,-0.031040805838410623,1.1287955045700073,20.969999313354492,-0.09442460552041898,0.07990537514580853,0.11,-0.002299309782054282,-0.005989583333333215,5.7,-0.2,1.21,34.358741760253906,-0.13024755621249606,38.08953857421875,38.547353744506836,36.35780096054077,0.07678049966012811,0.06504114961479239,114.26861572265625,231.28412246704102,436.29361152648926,-0.022318047949683506,0.018317152035111528,0.012726730330013813,0.035011950026744953,0.011494584899803373,0.08539605801660888
2015-02-28,0.0548925108906233,1.119795799255371,13.34000015258789,0.055363973757245555,-0.017701730619989253,0.11,-0.0008703146293520536,-0.0029854620976116353,5.5,-0.2,1.37,37.292842864990234,0.08539605801660888,37.05187733968099,38.40347671508789,36.82279618581136,0.10782182504465507,0.07205381175192865,111.15563201904297,230.42086029052734,441.8735542297363,-0.13024755621249606,-0.022318047949683506,0.018317152035111528,0.052595389409699544,0.01242097298575695,-0.06614911168518722
2015-03-31,-0.017396107114219572,1.0830246210098267,15.289999961853027,0.08168426601620227,-0.028568405424540533,0.11,-0.00022031284423873476,-0.0006430041152264421,5.4,-0.2,1.38,34.82595443725586,-0.06614911168518722,35.492513020833336,37.67773882548014,36.87614027659098,0.110737465361817,0.07467910770660438,106.4775390625,226.06643295288086,442.5136833190918,0.08539605801660888,-0.13024755621249606,-0.022318047949683506,0.026844373456994308,0.07797852525454108,0.19626142529395363
2015-04-30,0.008520819822535275,1.1114321947097778,14.550000190734863,0.08281615212251703,-0.03081185220430005,0.12,-0.0010403098939391064,0.0020544427324089565,5.4,-0.2,1.47,41.660945892333984,0.19626142529395363,37.926581064860024,38.00805981953939,37.54007116953532,0.13172974736125964,0.11565833207864737,113.77974319458008,228.04835891723633,450.4808540344238,-0.06614911168518722,0.08539605801660888,-0.13024755621249606,0.012726730330013813,-0.01439339743566137,-0.036595264956574725
2015-05-31,0.010491382304589791,1.0960345268249512,13.84000015258789,0.011235924147980025,0.005920162259357875,0.12,0.0003503321824429584,0.006041907700218507,5.6,-0.2,1.51,40.1363525390625,-0.036595264956574725,38.87441762288412,37.963147481282554,38.0394229888916,0.1437329456367896,0.11736505004420497,116.62325286865234,227.7788848876953,456.4730758666992,0.19626142529395363,-0.06614911168518722,0.08539605801660888,0.018317152035111528,0.013366134469032565,-0.05170857702472953
2015-06-30,-0.021011671979729973,1.122296690940857,18.229999542236328,-0.013764478057361251,-0.015049625060232108,0.13,0.001795718097550525,0.00500770416024654,5.3,-0.2,1.71,38.06095886230469,-0.05170857702472953,39.952752431233726,37.72263272603353,38.29256025950114,0.13900825661690488,0.11930013552322988,119.85825729370117,226.33579635620117,459.5107231140137,-0.036595264956574725,0.19626142529395363,-0.06614911168518722,-0.022318047949683506,0.025749107972702356,0.05775733123045845
2015-07-31,0.019742029435184882,1.0939244031906128,12.119999885559082,-0.20766776585366853,-0.06538623609555061,0.13,0.0022568611104094582,0.0054284606436603156,5.2,-0.2,1.53,40.25925827026367,0.05775733123045845,39.48552322387695,38.70605214436849,38.62670294443766,0.05932061148122136,0.10181731034514438,118.45656967163086,232.23631286621094,463.52043533325195,-0.05170857702472953,-0.036595264956574725,0.19626142529395363,-0.13024755621249606,0.035011950026744953,-0.0680940744796884
2015-08-31,-0.06258081825586559,1.1214030981063843,28.43000030517578,0.04414265446103838,0.033518997491588376,0.14,0.002413037985344868,0.004260263361735239,5.1,-0.2,1.47,37.51784133911133,-0.0680940744796884,38.61268615722656,38.743551890055336,38.57351430257162,0.06842251812110754,0.10460867688604274,115.83805847167969,232.46131134033203,462.8821716308594,0.05775733123045845,-0.05170857702472953,-0.036595264956574725,0.08539605801660888,0.052595389409699544,0.023710338007521425
2015-09-30,-0.026442831280001466,1.1255937814712524,24.5,-0.08353659647597966,-0.01422762100856445,0.14,8.842961634170088e-05,0.0020565552699227663,5.0,-0.2,1.42,38.40740203857422,0.023710338007521425,38.72816721598307,39.3404598236084,38.50909932454427,0.06509713795406641,0.09860313115728711,116.18450164794922,236.0427589416504,462.10919189453125,-0.0680940744796884,0.05775733123045845,-0.05170857702472953,-0.06614911168518722,0.026844373456994308,0.18933530785328556
2015-10-31,0.08298311781266654,1.100897192955017,15.069999694824219,0.03326679962128831,0.023307933662034985,0.12,0.0012761656067050708,0.0038585209003214604,5.0,-0.2,1.41,45.67927932739258,0.18933530785328556,40.53484090169271,40.01018206278483,39.00912094116211,0.13046683338232526,0.09613981685437907,121.60452270507812,240.06109237670898,468.1094512939453,0.023710338007521425,-0.0680940744796884,0.05775733123045845,0.19626142529395363,0.012726730330013813,0.03248464722972022
2015-11-30,0.0005048691103348713,1.0583018064498901,16.1299991607666,-0.08103948731582455,-0.027495034417091113,0.12,0.004363182169185187,0.0014173431258859281,5.1,-0.2,1.27,47.16315460205078,0.03248464722972022,43.749945322672524,41.18131573994955,39.57223161061605,0.09319401704400154,0.09219615818505512,131.24983596801758,247.08789443969727,474.8667793273926,0.18933530785328556,0.023710338007521425,-0.0680940744796884,-0.036595264956574725,0.018317152035111528,0.027671933389940673
2015-12-31,-0.017530185032692547,1.093398094177246,18.209999084472656,-0.1348698918884491,-0.04487318475239588,0.24,0.006387247515364791,0.0024503482073767735,5.0,-0.3,1.21,48.4682502746582,0.027671933389940673,47.10356140136719,42.91586430867513,40.31924851735433,0.09197856507127818,0.08329149101304908,141.31068420410156,257.4951858520508,483.83098220825195,0.03248464722972022,0.18933530785328556,0.023710338007521425,-0.05170857702472953,-0.022318047949683506,-0.0070297798752855245
2016-01-31,-0.0507353220469523,1.0825908184051514,20.200000762939453,-0.09233266466278345,0.052909528437672826,0.34,0.012375025026943876,0.003143830233167444,4.8,-0.3,1.18,48.12752914428711,-0.0070297798752855245,47.91964467366537,44.22724278767904,41.466647466023765,0.021559070277891675,0.08529721488051688,143.7589340209961,265.3634567260742,497.59976959228516,0.027671933389940673,0.03248464722972022,0.18933530785328556,0.05775733123045845,-0.13024755621249606,-0.07642016390962103
2016-02-29,-0.0041283603090035426,1.0923947095870972,20.549999237060547,0.003866777877614469,0.10524901238843065,0.38,0.008472775790126619,-0.0013019138133056884,4.9,-0.3,0.96,44.449615478515625,-0.07642016390962103,47.01513163248698,45.38253847757975,42.06304518381754,0.053000627386532,0.08731494517802962,141.04539489746094,272.2952308654785,504.75654220581055,-0.0070297798752855245,0.027671933389940673,0.03248464722972022,-0.0680940744796884,0.08539605801660888,0.09328899263658363
2016-03-31,0.06599111444005845,1.1334655284881592,13.949999809265137,0.1360000045211227,0.0002430721710657835,0.36,0.008916160965521946,-0.0005147342684338474,5.0,-0.4,1.05,48.596275329589844,0.09328899263658363,47.057806650797524,47.08068402608236,43.210571924845375,0.08532299351126964,0.09061168419692239,141.17341995239258,282.48410415649414,518.5268630981445,-0.07642016390962103,-0.0070297798752855245,0.027671933389940673,0.023710338007521425,-0.06614911168518722,-0.09704886216756403
2016-04-30,0.0026993982833325436,1.1448328495025635,15.699999809265137,0.19770469447548455,0.044563281620435546,0.37,0.011726257503534843,-0.0025627883136852825,5.1,-0.4,1.06,43.880062103271484,-0.09704886216756403,45.64198430379232,46.78081448872884,43.395498275756836,0.10444714770230791,0.07170744129985346,136.92595291137695,280.68488693237305,520.745979309082,0.09328899263658363,-0.07642016390962103,-0.0070297798752855245,0.18933530785328556,0.19626142529395363,0.06276324351391538
2016-05-31,0.015324602525288444,1.1148396730422974,14.1899995803833,0.010140928978508379,0.007743274817477053,0.37,0.010784764621246223,-0.0012777919754665135,4.8,-0.4,0.97,46.634117126464844,0.06276324351391538,46.37015151977539,46.69264157613119,43.93697865804037,0.10222542854992364,0.07578126926593526,139.11045455932617,280.1558494567871,527.2437438964844,-0.09704886216756403,0.09328899263658363,-0.07642016390962103,0.03248464722972022,-0.036595264956574725,-0.02777554644006386
2016-06-30,0.0009109212401243738,1.1128050088882446,15.630000114440918,0.041916657415347336,0.014791949962415396,0.38,0.010792865347959424,0.00038328861632819233,4.9,-0.4,0.91,45.338829040527344,-0.02777554644006386,45.28433609008789,46.17107137044271,44.54346783955892,0.08014151429457053,0.07518903891463712,135.85300827026367,277.02642822265625,534.521614074707,0.06276324351391538,-0.09704886216756403,0.09328899263658363,0.027671933389940673,-0.05170857702472953,0.10768030967997277
2016-07-31,0.035609800753315435,1.1168068647384644,11.869999885559082,-0.1392510470092554,0.023209932508562403,0.39,0.008683633430518256,0.0016711659596349016,4.8,-0.4,0.79,50.22092819213867,0.10768030967997277,47.39795811971029,46.519971211751304,45.37360699971517,0.06899650266077359,0.08901272147457093,142.19387435913086,279.1198272705078,544.483283996582,-0.02777554644006386,0.06276324351391538,-0.09704886216756403,-0.0070297798752855245,0.05775733123045845,0.013761672419876358
2016-08-31,-0.0012192428990193127,1.1153244972229004,13.420000076293945,0.07451928852225409,-0.03120828434835987,0.4,0.010553158595656864,0.0023139220979560005,4.9,-0.4,0.78,50.912052154541016,0.013761672419876358,48.823936462402344,47.59704399108887,46.48979123433431,0.06939541283185827,0.07839869612364901,146.47180938720703,285.5822639465332,557.8774948120117,0.10768030967997277,-0.02777554644006386,0.06276324351391538,-0.07642016390962103,-0.0680940744796884,0.008684436550115082
2016-09-30,-0.0012344511393173052,1.121956706047058,13.289999961853027,0.07919465000238524,0.00489710329367532,0.4,0.015486446201652182,0.003976398152898852,5.0,-0.4,0.83,51.35419464111328,0.008684436550115082,50.82905832926432,48.05669720967611,47.568690617879234,0.055747453821697324,0.07101674882204007,152.48717498779297,288.34018325805664,570.8242874145508,0.013761672419876358,0.10768030967997277,-0.02777554644006386,0.09328899263658363,0.023710338007521425,0.040277684306139205
2016-10-31,-0.01942567890903446,1.0984665155410767,17.059999465942383,-0.028606986320467653,-0.03182825498668318,0.4,0.01685924966243646,0.005124919923126248,4.9,-0.4,0.98,53.42262268066406,0.040277684306139205,51.89628982543945,49.64712397257487,48.213969230651855,0.01696570321856807,0.047248035885099945,155.68886947631836,297.8827438354492,578.5676307678223,0.008684436550115082,0.013761672419876358,0.10768030967997277,-0.09704886216756403,0.18933530785328556,0.0056740657592389
2016-11-30,0.034174521829295035,1.0648492574691772,13.329999923706055,0.05505757538952083,-0.079197759474538,0.41,0.016843334719788938,0.005790015440041207,4.7,-0.4,1.26,53.725746154785156,0.0056740657592389,52.834187825520836,50.829062143961586,48.76085186004639,0.019168576945144313,0.046087327365531686,158.5025634765625,304.97437286376953,585.1302223205566,0.040277684306139205,0.008684436550115082,0.013761672419876358,0.06276324351391538,0.03248464722972022,0.038164761675793635
2016-12-31,0.01820076244186586,1.0520004034042358,14.039999961853027,0.08656963416018293,-0.017765671302238273,0.54,0.020507989115119862,0.010935288820275169,4.7,-0.4,1.25,55.77617645263672,0.038164761675793635,54.30818176269531,52.56862004597982,49.369845708211265,0.019397251436407456,0.03826455940093448,162.92454528808594,315.4117202758789,592.4381484985352,0.0056740657592389,0.040277684306139205,0.008684436550115082,-0.02777554644006386,0.027671933389940673,0.04039246610616365
2017-01-31,0.01788435819838252,1.0708587169647217,11.989999771118164,-0.0027645417932316008,0.037028341435971335,0.65,0.025103933482571117,0.01736745886654467,4.7,-0.4,1.26,58.02911376953125,0.04039246610616365,55.84367879231771,53.86998430887858,50.19497776031494,0.019433541926355456,0.016781482073701337,167.53103637695312,323.2199058532715,602.3397331237793,0.038164761675793635,0.0056740657592389,0.040277684306139205,0.10768030967997277,-0.0070297798752855245,-0.010363539693441726
2017-02-28,0.03719816006681631,1.0584250688552856,12.920000076293945,0.00818547867669217,0.05032555674080297,0.66,0.028103616813294208,0.019554165037152904,4.6,-0.4,1.14,57.42772674560547,-0.010363539693441726,57.07767232259115,54.95593007405599,51.276487032572426,0.028682546451172568,0.021958506022722108,171.23301696777344,329.73558044433594,615.3178443908691,0.04039246610616365,0.038164761675793635,0.0056740657592389,0.013761672419876358,-0.07642016390962103,0.03562495690609757
2017-03-31,-0.0003891971352694146,1.0687072277069092,12.369999885559082,-0.06313645534872347,-0.004231140716199788,0.79,0.0244119623655914,0.015449980687524123,4.4,-0.4,1.13,59.47358703613281,0.03562495690609757,58.310142517089844,56.30916213989258,52.18292967478434,0.028029279596486732,0.021820170472970146,174.93042755126953,337.85497283935547,626.1951560974121,-0.010363539693441726,0.04039246610616365,0.038164761675793635,0.008684436550115082,0.09328899263658363,0.03947739426286678
2017-04-30,0.009091208748854607,1.0907504558563232,10.819999694824219,-0.025098748643558433,0.015072497411890318,0.9,0.02176223471915395,0.01888489208633093,4.4,-0.4,1.01,61.821449279785156,0.03947739426286678,59.57425435384115,57.70896657307943,53.67804527282715,0.02773055411969143,0.02170999083382491,178.72276306152344,346.25379943847656,644.1365432739258,0.03562495690609757,-0.010363539693441726,0.04039246610616365,0.040277684306139205,-0.09704886216756403,0.02015750591042087
2017-05-31,0.011576251246328662,1.117168664932251,10.40999984741211,-0.020474398920347192,0.0046599988372419965,0.91,0.018563431667619756,0.01394575230296824,4.4,-0.4,0.93,63.0676155090332,0.02015750591042087,61.454217274983726,59.26594479878744,55.04750347137451,0.010225306840078139,0.01988259033644846,184.36265182495117,355.5956687927246,660.5700416564941,0.03947739426286678,0.03562495690609757,-0.010363539693441726,0.0056740657592389,0.06276324351391538,-0.007372255281426376
2017-06-30,0.004813775207812565,1.144164800643921,11.180000305175781,-0.047185405498690325,-0.024606956625884413,1.04,0.01640565809959127,0.013026819923371624,4.3,-0.4,0.93,62.602664947509766,-0.007372255281426376,62.49724324544271,60.403692881266274,56.48615646362305,0.02354441016339917,0.023280236569740195,187.49172973632812,362.42215728759766,677.8338775634766,0.02015750591042087,0.03947739426286678,0.03562495690609757,0.038164761675793635,-0.02777554644006386,0.05469317886213898
2017-07-31,0.019348826001101882,1.1747292280197144,10.260000228881836,0.08970454325132504,0.020875332822895,1.15,0.017251073506566073,0.013347022587268942,4.3,-0.4,0.96,66.02660369873047,0.05469317886213898,63.89896138509115,61.73660786946615,57.80329608917236,0.031098549196968066,0.026357001747902217,191.69688415527344,370.4196472167969,693.6395530700684,-0.007372255281426376,0.02015750591042087,0.03947739426286678,0.04039246610616365,0.10768030967997277,0.02847321410929382
2017-08-31,0.000546433019853243,1.1893434524536133,10.59000015258789,-0.05860073219075401,0.03915993726669087,1.16,0.0192812155729698,0.015390534821084989,4.4,-0.4,0.79,67.9065933227539,0.02847321410929382,65.51195398966472,63.48308563232422,59.2195078531901,0.031156867469069007,0.021041705980308287,196.53586196899414,380.8985137939453,710.6340942382812,0.05469317886213898,-0.007372255281426376,0.02015750591042087,-0.010363539693441726,0.013761672419876358,0.0015630313865735435
2017-09-30,0.019302978562167672,1.1741636991500854,9.510000228881836,0.09400801756812283,-0.02636373838259154,1.15,0.021805652303711787,0.015587070397342417,4.3,-0.4,0.86,68.01273345947266,0.0015630313865735435,67.31531016031902,64.90627670288086,60.60771942138672,0.026565820950317592,0.023220017859154347,201.94593048095703,389.43766021728516,727.2926330566406,0.02847321410929382,0.05469317886213898,-0.007372255281426376,0.03562495690609757,0.008684436550115082,0.11666020720023917
2017-10-31,0.02218813506615125,1.1652703285217285,10.180000305175781,0.042343165364585156,-0.001789401991684536,1.15,0.02020757753132485,0.013766730401529648,4.2,-0.4,0.78,75.94711303710938,0.11666020720023917,70.62214660644531,67.26055399576823,62.48476028442383,0.06020584628986693,0.04523194279714549,211.86643981933594,403.5633239746094,749.8171234130859,0.0015630313865735435,0.02847321410929382,0.05469317886213898,0.03947739426286678,0.040277684306139205,0.011901805608295346
2017-11-30,0.028082627806563343,1.18519926071167,11.279999732971191,0.0657681433841848,-0.004695823844734881,1.16,0.02172493864295566,0.015223231418702854,4.2,-0.4,0.64,76.85102081298828,0.011901805608295346,73.60362243652344,69.55778821309407,64.41186650594075,0.06367701421600078,0.0459194939581091,220.8108673095703,417.34672927856445,772.9423980712891,0.11666020720023917,0.0015630313865735435,0.02847321410929382,0.02015750591042087,0.0056740657592389,0.021380684654855653
2017-12-31,0.009831630594270502,1.2000048160552979,11.039999961853027,0.052613180536325244,0.025997564346263102,1.3,0.021299307195522532,0.013489437515907365,4.1,-0.4,0.51,78.49414825439453,0.021380684654855653,77.09742736816406,72.20636876424153,66.3050308227539,0.05794014047353031,0.042034273174556894,231.2922821044922,433.2382125854492,795.6603698730469,0.011901805608295346,0.11666020720023917,0.0015630313865735435,-0.007372255281426376,0.038164761675793635,0.11070814321198119
2018-01-31,0.05617870412552817,1.2409565448760986,13.539999961853027,0.07133408339299718,0.025032496325182008,1.41,0.02151318868063945,0.012963676036452432,4.0,-0.4,0.58,87.18408966064453,0.11070814321198119,80.84308624267578,75.73261642456055,68.73461214701335,0.05451595538755581,0.05137058863111624,242.52925872802734,454.3956985473633,824.8153457641602,0.021380684654855653,0.011901805608295346,0.11666020720023917,0.05469317886213898,0.04039246610616365,-0.01305092071306202
2018-02-28,-0.0389473718793677,1.2230321168899536,19.850000381469727,-0.04773681147900277,-0.0175504107542942,1.42,0.02263468931091861,0.011251758087201358,4.1,-0.4,0.62,86.04625701904297,-0.01305092071306202,83.90816497802734,78.75589370727539,71.1194896697998,0.06387649046413706,0.05707963521535216,251.72449493408203,472.53536224365234,853.4338760375977,0.11070814321198119,0.021380684654855653,0.011901805608295346,0.02847321410929382,-0.010363539693441726,-0.02208896677721861
2018-03-31,-0.02688449860055664,1.2331976890563965,19.969999313354492,0.053536714543056974,0.005549257946123154,1.51,0.023309497646499366,0.013947001394700065,4.0,-0.4,0.47,84.14558410644531,-0.02208896677721861,85.79197692871094,81.4447021484375,73.17548942565918,0.07419912915228455,0.06106892426457874,257.3759307861328,488.668212890625,878.1058731079102,-0.01305092071306202,0.11070814321198119,0.021380684654855653,0.0015630313865735435,0.03562495690609757,0.024651808438199474
2018-04-30,0.0027187749953683227,1.2122827768325806,15.930000305175781,0.01364181309840351,-0.007252743213645774,1.69,0.024709963021052994,0.012356575463371655,4.0,-0.4,0.46,86.21992492675781,0.024651808438199474,85.47058868408203,83.1568374633789,75.20869572957356,0.024792075783233357,0.04722404387088557,256.4117660522461,498.94102478027344,902.5043487548828,-0.02208896677721861,-0.01305092071306202,0.11070814321198119,0.11666020720023917,0.03947739426286678,0.056886556591627446
2018-05-31,0.0216083418545836,1.1667250394821167,15.430000305175781,0.01844409365746169,-0.009980264307269837,1.7,0.02781921607842497,0.0194321766561516,3.8,-0.4,0.43,91.12467956542969,0.056886556591627446,87.16339619954427,85.53578058878581,77.54678440093994,0.03970917683113137,0.04879722925758411,261.4901885986328,513.2146835327148,930.5614128112793,0.024651808438199474,-0.02208896677721861,-0.01305092071306202,0.011901805608295346,0.02015750591042087,0.0019973385564204804
2018-06-30,0.00484243626760783,1.1704941987991333,16.09000015258789,0.10605609357479584,-0.037535518555654956,1.82,0.028075506935940187,0.01966717095310133,4.0,-0.4,0.33,91.30668640136719,0.0019973385564204804,89.55043029785156,87.67120361328125,79.9387861887614,0.027583600957380106,0.05008654840382945,268.6512908935547,526.0272216796875,959.2654342651367,0.056886556591627446,0.024651808438199474,-0.02208896677721861,0.021380684654855653,-0.007372255281426376,0.07575300286185782
2018-07-31,0.03602155617289915,1.1707408428192139,12.829999923706055,-0.024576526426771328,-0.015583794442303733,1.91,0.02854124785561929,0.0220364741641339,3.8,-0.4,0.29,98.22344207763672,0.07575300286185782,93.55160268147786,89.51109568277995,82.62185605367024,0.03831593895608884,0.03918092961462313,280.6548080444336,537.0665740966797,991.462272644043,0.0019973385564204804,0.056886556591627446,0.024651808438199474,0.11070814321198119,0.05469317886213898,0.058917802640491956
2018-08-31,0.030263211276748248,1.1664663553237915,12.859999656677246,-0.0349472011091122,-0.02557232998457981,1.91,0.026429238568742575,0.02084122773777941,3.8,-0.4,0.24,104.01055145263672,0.058917802640491956,97.84689331054688,92.50514475504558,85.63051923116048,0.038650703346717864,0.03777613083659263,293.5406799316406,555.0308685302734,1027.5662307739258,0.07575300286185782,0.0019973385564204804,0.056886556591627446,-0.01305092071306202,0.02847321410929382,0.022078768294660822
2018-09-30,0.0042942874264617625,1.162304162979126,12.119999885559082,0.049426888214946896,-0.007331540839906392,1.95,0.02332055105808828,0.020757327965782002,3.7,-0.4,0.24,106.30697631835938,0.022078768294660822,102.84698994954427,96.19871012369792,88.8217061360677,0.02745135659793305,0.028008007808096945,308.5409698486328,577.1922607421875,1065.8604736328125,0.058917802640491956,0.07575300286185782,0.0019973385564204804,-0.02208896677721861,0.0015630313865735435,-0.06610117162011298
2018-10-31,-0.0694033560936963,1.1346358060836792,21.229999542236328,-0.10839593776663825,0.01745702797156956,2.19,0.02492032470218053,0.02275870740601027,3.8,-0.4,0.28,99.27996063232422,-0.06610117162011298,103.19916280110677,98.37538274129231,90.76611010233562,0.06424245763781704,0.05211541071087436,309.5974884033203,590.2522964477539,1089.1933212280273,0.022078768294660822,0.058917802640491956,0.07575300286185782,0.024651808438199474,0.11666020720023917,0.038198629152183194
2018-11-30,0.01785935665477978,1.1392766237258911,18.06999969482422,-0.22018064294852802,0.006516457993535951,2.2,0.02147328577667773,0.01927923387096775,3.8,-0.4,0.21,103.07231903076172,0.038198629152183194,102.88641866048177,100.36665598551433,92.95121828715007,0.05614564417444411,0.05035158703521902,308.6592559814453,602.1999359130859,1115.4146194458008,-0.06610117162011298,0.022078768294660822,0.058917802640491956,0.056886556591627446,0.011901805608295346,-0.08009018574903803
2018-12-31,-0.09177689467997252,1.1439945697784424,25.420000076293945,-0.10838406488685415,0.04761522699656795,2.27,0.020023809043401064,0.015193370165745845,3.9,-0.4,0.21,94.8172378540039,-0.08009018574903803,99.05650583902995,100.95174789428711,94.31147575378418,0.06463536788293675,0.06564149592059723,297.16951751708984,605.7104873657227,1131.7377090454102,0.038198629152183194,-0.06610117162011298,0.022078768294660822,0.0019973385564204804,0.021380684654855653,0.028157968954492185
2019-01-31,0.07868440166582613,1.1487650871276855,16.56999969482422,0.18454087417471787,0.03238668603799488,2.4,0.014875893578291333,0.0138114546376078,4.0,-0.4,0.18,97.48709869384766,0.028157968954492185,98.4588851928711,100.82902399698894,95.17005983988444,0.06558800904720867,0.058299852036315346,295.3766555786133,604.9741439819336,1142.0407180786133,-0.08009018574903803,0.038198629152183194,-0.06610117162011298,0.07575300286185782,0.11070814321198119,0.07277582130735971
2019-02-28,0.029728889343927145,1.1380189657211304,14.779999732971191,0.06376650393745686,-0.005228387208488505,2.4,0.015188615351321877,0.01491971172082418,3.8,-0.4,0.21,104.58180236816406,0.07277582130735971,98.96204630533855,100.92423248291016,96.71468861897786,0.07860919354489058,0.06128948064186401,296.8861389160156,605.5453948974609,1160.5762634277344,0.028157968954492185,-0.08009018574903803,0.038198629152183194,0.058917802640491956,-0.01305092071306202,0.057249893600304524
2019-03-31,0.01792425624958849,1.1233052015304565,13.710000038146973,0.05103107491526604,-0.015082303543330622,2.41,0.018831863513063984,0.014005251969488652,3.8,-0.4,0.14,110.56909942626953,0.057249893600304524,104.21266682942708,101.63458633422852,98.91664822896321,0.02265004510423999,0.065099653414939,312.63800048828125,609.8075180053711,1186.9997787475586,0.07277582130735971,0.028157968954492185,-0.08009018574903803,0.022078768294660822,-0.02208896677721861,0.10734259820915804
2019-04-30,0.03931349831373798,1.1185182332992554,13.119999885559082,0.0626870717662924,-0.007888593327049498,2.42,0.020005834702090608,0.017187694607049497,3.7,-0.4,0.24,122.43787384033203,0.10734259820915804,112.5295918782552,105.49423853556316,101.93481063842773,0.025642398326382706,0.06391765505641937,337.5887756347656,632.9654312133789,1223.2177276611328,0.057249893600304524,0.07277582130735971,0.028157968954492185,-0.06610117162011298,0.024651808438199474,-0.052986018287310754
2019-05-31,-0.0657777313668354,1.1131147146224976,18.709999084472656,-0.16288530546497315,0.01792952847250917,2.39,0.017959105553606136,0.012253991830672106,3.6,-0.4,0.19,115.95037841796875,-0.052986018287310754,116.31911722819011,107.64058176676433,104.00361887613933,0.08202286326831454,0.07373912649625797,348.9573516845703,645.8434906005859,1248.0434265136719,0.10734259820915804,0.057249893600304524,0.07277582130735971,0.038198629152183194,0.056886556591627446,0.08712707220127491
2019-06-30,0.0689301639982407,1.1390948295593262,15.079999923706055,0.09289721907856308,0.07956800310812806,2.38,0.01671194894390049,0.012734915924826895,3.6,-0.4,0.25,126.05279541015625,0.08712707220127491,121.48034922281902,112.84650802612305,106.89912796020508,0.08731705721651199,0.0571332965821138,364.44104766845703,677.0790481567383,1282.789535522461,-0.052986018287310754,0.10734259820915804,0.057249893600304524,-0.08009018574903803,0.0019973385564204804,0.01724404660164458
2019-07-31,0.013128152166957952,1.1157974004745483,16.1200008392334,0.0018813170524205614,0.011633698646601465,2.4,0.01826331335037068,0.01016109045848812,3.7,-0.4,0.13,128.22645568847656,0.01724404660164458,123.40987650553386,117.96973419189453,109.39937909444173,0.07005661687464898,0.05813068647099413,370.22962951660156,707.8184051513672,1312.7925491333008,0.08712707220127491,-0.052986018287310754,0.10734259820915804,0.028157968954492185,0.07575300286185782,0.011667709294124418
2019-08-31,-0.018091627240523933,1.1012003421783447,18.979999542236328,-0.05940599604230057,0.06521281929185174,2.13,0.017376412106666406,0.010146003464489128,3.6,-0.4,0.0,129.72256469726562,0.011667709294124418,128.00060526529947,122.1598612467448,111.54204686482747,0.04204927319046649,0.058301041575037196,384.00181579589844,732.9591674804688,1338.5045623779297,0.01724404660164458,0.08712707220127491,-0.052986018287310754,0.07277582130735971,0.058917802640491956,0.011844971321524733
2019-09-30,0.017181177931020697,1.0942714214324951,16.239999771118164,-0.0039673179437409445,-0.004922837434499949,2.04,0.016844977040391562,0.00838057678087245,3.5,-0.5,0.05,131.25912475585938,0.011844971321524733,129.73604838053384,125.60819880167644,113.62139256795247,0.0031695681481356823,0.05824021781076249,389.20814514160156,753.6491928100586,1363.4567108154297,0.011667709294124418,0.01724404660164458,0.08712707220127491,0.057249893600304524,0.022078768294660822,0.031216207764573678
2019-10-31,0.020431770513684056,1.1154489517211914,13.220000267028809,-0.012780267371775955,-0.00014664313583645505,1.83,0.017339736996186295,0.007253503811162965,3.6,-0.5,0.17,135.35653686523438,0.031216207764573678,132.11274210611978,127.76130930582683,116.62777392069499,0.011235509301674426,0.04487804799808604,396.3382263183594,766.5678558349609,1399.5332870483398,0.011844971321524733,0.011667709294124418,0.01724404660164458,0.10734259820915804,-0.06610117162011298,0.055869497040039295
2019-11-30,0.034047037714499906,1.1019999980926514,12.619999885559082,0.01827238571785239,-0.03030306212009004,1.55,0.020922903948629168,0.009642724687847659,3.6,-0.5,0.17,142.91883850097656,0.055869497040039295,136.5115000406901,132.25605265299478,119.94831720987956,0.02206501128548878,0.030195342935824838,409.5345001220703,793.5363159179688,1439.3798065185547,0.031216207764573678,0.011844971321524733,0.011667709294124418,-0.052986018287310754,0.038198629152183194,0.04529394600595382
2019-12-31,0.02858981890573009,1.120229721069336,13.779999732971191,-0.029350621580635727,0.03242871201075781,1.55,0.023195274699624457,0.013358070500927743,3.6,-0.5,0.34,149.39219665527344,0.04529394600595382,142.55585734049478,136.1459528605143,124.49623044331868,0.012368034509487067,0.018575013150520965,427.6675720214844,816.8757171630859,1493.9547653198242,0.055869497040039295,0.031216207764573678,0.011844971321524733,0.08712707220127491,-0.08009018574903803,0.079454540273306
2020-01-31,-0.0016280928190489652,1.1029127836227417,18.84000015258789,-0.037174530839303555,0.04611146748838335,1.55,0.02599767976845202,0.013623297087863806,3.6,-0.5,0.18,161.2620849609375,0.079454540273306,151.1910400390625,141.65189107259116,129.81081263224283,0.017488294869656255,0.026478286541474,453.5731201171875,849.9113464355469,1557.729751586914,0.04529394600595382,0.055869497040039295,0.031216207764573678,0.01724404660164458,0.028157968954492185,-0.04828720746007564
2020-02-29,-0.08411048363840312,1.1030004024505615,40.11000061035156,-0.13188523798760665,-0.011876965404106432,1.58,0.023413166797595197,0.012208795315809207,3.5,-0.5,0.27,153.47518920898438,-0.04828720746007564,154.70982360839844,145.61066182454428,133.88526153564453,0.06613412205348332,0.044283900644629545,464.1294708251953,873.6639709472656,1606.6231384277344,0.079454540273306,0.04529394600595382,0.055869497040039295,0.011667709294124418,0.07277582130735971,-0.02388282139359621
2020-03-31,-0.12511928240892822,1.1030466556549072,53.540000915527344,-0.21984750968695366,0.031742691487708585,0.65,0.014940399642909163,0.007399186089530163,4.4,-0.5,0.47,149.8097686767578,-0.02388282139359621,154.84901428222656,148.7024358113607,137.15531730651855,0.06781363983931368,0.04921676212086169,464.5470428466797,892.2146148681641,1645.8638076782227,-0.04828720746007564,0.079454540273306,0.04529394600595382,0.011844971321524733,0.057249893600304524,0.13632614930250586
2020-04-30,0.1268440381652789,1.087725043296814,34.150001525878906,-0.4604752883963338,0.043656879038482144,0.05,0.003130472940411133,0.003183543528835653,14.8,-0.5,0.44,170.23275756835938,0.13632614930250586,157.83923848470053,154.5151392618815,141.13822428385416,0.10028673877598383,0.06780427977753427,473.51771545410156,927.0908355712891,1693.65869140625,-0.02388282139359621,-0.04828720746007564,0.079454540273306,0.031216207764573678,0.10734259820915804,0.02254316680312085
2020-05-31,0.04528181966555822,1.1110000610351562,27.510000228881836,0.8837580356172043,0.03129086496263023,0.05,0.001982013035848551,0.000855955001222819,13.2,-0.5,0.49,174.07034301757812,0.02254316680312085,164.70428975423178,159.7070566813151,145.98155466715494,0.08243063121801424,0.06768741233265543,494.1128692626953,958.2423400878906,1751.7786560058594,0.13632614930250586,-0.02388282139359621,-0.04828720746007564,0.055869497040039295,-0.052986018287310754,0.11365272793160242
2020-06-30,0.01838839651392421,1.1247202157974243,30.43000030517578,0.10650883630671548,0.03229890885911102,0.08,0.007166562831830481,0.0026858747405689165,11.0,-0.5,0.5,193.85391235351562,0.11365272793160242,179.38567097981772,167.11734263102213,151.63164774576822,0.06022403074097913,0.07506850920601973,538.1570129394531,1002.7040557861328,1819.5797729492188,0.02254316680312085,0.13632614930250586,-0.02388282139359621,0.04529394600595382,0.08712707220127491,0.0073705114995501475
2020-07-31,0.055101321480443666,1.1872254610061646,24.459999084472656,0.02546473105024627,0.09470164463364483,0.09,0.009968647625897997,0.003925417075564264,10.2,-0.5,0.44,195.28271484375,0.0073705114995501475,187.73565673828125,172.78744761149088,157.21966934204102,0.05748488370533468,0.07453171482346381,563.2069702148438,1036.7246856689453,1886.6360321044922,0.11365272793160242,0.02254316680312085,0.13632614930250586,0.079454540273306,0.01724404660164458,0.10009260787270069
2020-08-31,0.07006466690171775,1.1918240785598755,26.40999984741211,0.05810777566397474,0.002445448664359917,0.1,0.012810698495523853,-0.001714845663890241,8.4,-0.5,0.58,214.82907104492188,0.10009260787270069,201.3218994140625,183.01309458414713,164.3118782043457,0.057846310083348215,0.06560241865891733,603.9656982421875,1098.0785675048828,1971.7425384521484,0.0073705114995501475,0.11365272793160242,0.02254316680312085,-0.04828720746007564,0.011667709294124418,-0.06514223486008064
2020-09-30,-0.039227970178423055,1.1742050647735596,26.3700008392334,-0.05609010456263208,-0.040709481896636146,0.09,0.013910228912373812,-0.0031777071620630037,7.8,-0.5,0.56,200.83462524414062,-0.06514223486008064,203.6488037109375,191.5172373453776,170.10983657836914,0.08282314369926541,0.07720791366557277,610.9464111328125,1149.1034240722656,2041.3180389404297,0.10009260787270069,0.0073705114995501475,0.11365272793160242,-0.02388282139359621,0.011844971321524733,-0.037369914278320704
2020-10-31,-0.027665786221379718,1.1676785945892334,38.02000045776367,-0.11014421110697159,-0.005350980442880848,0.09,0.012303863428671624,-0.0026852190894667283,6.9,-0.5,0.74,193.32945251464844,-0.037369914278320704,202.99771626790366,195.36668650309244,174.94091288248697,0.0884776808386755,0.07185764612573513,608.9931488037109,1172.2001190185547,2099.2909545898438,-0.06514223486008064,0.10009260787270069,0.0073705114995501475,0.13632614930250586,0.031216207764573678,0.05729240454587403
2020-11-30,0.10754563544385909,1.1971460580825806,20.56999969482422,0.14658199754981105,0.00379230894621152,0.09,0.011757452138405844,-0.002938655565078885,6.7,-0.5,0.68,204.40576171875,0.05729240454587403,199.52327982584634,200.42258961995444,180.06482315063477,0.06419046829830706,0.07315143863661035,598.5698394775391,1202.5355377197266,2160.777877807617,-0.037369914278320704,-0.06514223486008064,0.10009260787270069,0.02254316680312085,0.055869497040039295,0.04172601302365142
2020-12-31,0.03712145909357001,1.2299896478652954,22.75,0.18237154150601076,0.004553027617296701,0.09,0.013204191315779434,-0.0028072745026241908,6.7,-0.5,0.8,212.93479919433594,0.04172601302365142,203.55667114257812,203.6027374267578,185.36004002888998,0.05075994626007717,0.0615381995637204,610.6700134277344,1221.6164245605469,2224.3204803466797,0.05729240454587403,-0.037369914278320704,-0.06514223486008064,0.11365272793160242,0.04529394600595382,0.04289197446487414
2021-01-31,-0.011136660755445171,1.213900089263916,33.09000015258789,0.07584501794016263,-0.02419308401482434,0.09,0.013738437137002402,0.00912453760789167,6.4,-0.5,1.0,222.0679931640625,0.04289197446487414,213.1361846923828,208.06695048014322,190.42719904581705,0.008670297934359378,0.06209477125618655,639.4085540771484,1248.4017028808594,2285.1263885498047,0.04172601302365142,0.05729240454587403,-0.037369914278320704,0.0073705114995501475,0.079454540273306,0.001810636214868211
2021-02-28,0.026091451377448394,1.2073606252670288,27.950000762939453,0.17816090232058546,-0.06452664434118571,0.08,0.016698167791706853,0.009353846153846268,6.2,-0.5,1.3,222.47007751464844,0.001810636214868211,219.15762329101562,209.340451558431,196.17677307128906,0.023389004269389124,0.04944385157860432,657.4728698730469,1256.042709350586,2354.1212768554688,0.04289197446487414,0.04172601302365142,0.05729240454587403,0.10009260787270069,-0.04828720746007564,0.016924856097124463
2021-03-31,0.042438632533165155,1.1723604202270508,19.399999618530273,-0.03804878296890879,-0.008274941820402448,0.07,0.026678187820641908,0.01334312645366631,6.1,-0.5,1.58,226.2353515625,0.016924856097124463,223.5911407470703,213.57390594482422,202.54557164510092,0.020778222699841975,0.03468894186779428,670.7734222412109,1281.4434356689453,2430.546859741211,0.001810636214868211,0.04289197446487414,0.04172601302365142,-0.06514223486008064,-0.02388282139359621,0.06960164731400953
2021-04-30,0.05242532134755851,1.2127091884613037,18.610000610351562,0.0747126774009943,0.031217177311076982,0.07,0.04133077115360573,0.016111314536799703,6.1,-0.5,1.49,241.98170471191406,0.06960164731400953,230.22904459635416,221.6826146443685,208.52465057373047,0.03558769722202801,0.02514623397360666,690.6871337890625,1330.095687866211,2502.2958068847656,0.016924856097124463,0.001810636214868211,0.04289197446487414,-0.037369914278320704,0.13632614930250586,-0.009913350640126217
2021-05-31,0.00548648867060697,1.2190067768096924,16.760000228881836,0.043095278151300986,0.07650084730180629,0.06,0.04918257089467626,0.019792302993280497,5.8,-0.5,1.44,239.58285522460938,-0.009913350640126217,235.9333038330078,227.54546356201172,213.98402659098306,0.040451140431853036,0.029606545934436027,707.7999114990234,1365.2727813720703,2567.808319091797,0.06960164731400953,0.016924856097124463,0.001810636214868211,0.05729240454587403,0.02254316680312085,0.08749414538998113
2021-06-30,0.022214009565834747,1.1901928186416626,15.829999923706055,0.10781063870295693,-0.06922467867115634,0.08,0.05295632620349999,0.0189942773651528,5.9,-0.5,1.2,260.5449523925781,0.08749414538998113,247.36983744303384,235.4804890950521,219.54161326090494,0.05185074199067336,0.03862747795672994,742.1095123291016,1412.8829345703125,2634.4993591308594,-0.009913350640126217,0.06960164731400953,0.016924856097124463,0.04172601302365142,0.11365272793160242,0.05171632052663422
2021-07-31,0.02274805482838871,1.1867802143096924,18.239999771118164,0.006533220628337277,0.023605108202631175,0.1,0.05245169381309234,0.021627565982404562,5.4,-0.5,1.05,274.0193786621094,0.05171632052663422,258.04906209309894,244.13905334472656,226.1030019124349,0.049272185194304034,0.039161421805117745,774.1471862792969,1464.8343200683594,2713.2360229492188,0.08749414538998113,-0.009913350640126217,0.06960164731400953,0.04289197446487414,0.0073705114995501475,0.05956275858059645
2021-08-31,0.028990416255438634,1.1796904802322388,16.479999542236328,0.005815021994735492,-0.011607564143653382,0.09,0.05152015301793966,0.02944785276073625,5.1,-0.5,1.1,290.3407287597656,0.05956275858059645,274.9683532714844,255.4508285522461,232.39564005533853,0.018805060095545525,0.0359639558879748,824.9050598144531,1532.7049713134766,2788.7476806640625,0.05171632052663422,0.08749414538998113,-0.009913350640126217,0.001810636214868211,0.10009260787270069,-0.06433123797481255
2021-09-30,-0.047569168801901096,1.1601601839065552,23.139999389648438,0.008738650399043202,-0.020239374705398938,0.08,0.05351215590949132,0.033594899460519745,4.7,-0.5,1.24,271.6627502441406,-0.06433123797481255,278.6742858886719,263.02206166585285,238.29798380533853,0.06937617843654158,0.057753966148710735,836.0228576660156,1578.1323699951172,2859.5758056640625,0.05956275858059645,0.05171632052663422,0.08749414538998113,0.016924856097124463,-0.06514223486008064,0.17629131938379072
2021-10-31,0.0691438364006065,1.156136155128479,16.260000228881836,0.11382115226534961,0.01578074995803025,0.08,0.06235042390298062,0.04050911761106346,4.5,-0.5,1.07,319.5545349121094,0.17629131938379072,293.85267130533856,275.95086669921875,248.8167406717936,0.12032905883413411,0.08259640416553832,881.5580139160156,1655.7052001953125,2985.8008880615234,-0.06433123797481255,0.05956275858059645,0.05171632052663422,0.06960164731400953,-0.037369914278320704,-0.003106149718039908
2021-11-30,-0.008333706184746159,1.1293437480926514,27.190000534057617,-0.20808902061926726,-0.005272027153147785,0.08,0.06901970403700863,0.04875353063981325,4.1,-0.5,0.91,318.56195068359375,-0.003106149718039908,303.25974527994794,289.1140492757161,258.32975641886395,0.12505410726427332,0.08164790251748,909.7792358398438,1734.6842956542969,3099.957077026367,0.17629131938379072,-0.06433123797481255,0.05956275858059645,-0.009913350640126217,0.05729240454587403,0.01919426653170664
2021-12-31,0.04361291346206486,1.132502794265747,17.219999313354492,0.13644603713594505,0.03039018107578384,0.08,0.07174340285065539,0.04969400244798039,3.9,-0.5,0.79,324.676513671875,0.01919426653170664,320.9309997558594,299.8026428222656,267.6415659586589,0.09777546087836897,0.08033834440589313,962.7929992675781,1798.8158569335938,3211.6987915039062,-0.003106149718039908,0.17629131938379072,-0.06433123797481255,0.08749414538998113,0.04172601302365142,-0.07534514522041547
2022-01-31,-0.052585165027393854,1.1152374744415283,24.829999923706055,0.17205162344002423,-0.017783857729138153,0.08,0.07558805726967832,0.051075268817204256,4.0,-0.5,0.61,300.2137145996094,-0.07534514522041547,314.4840596516927,304.1683654785156,274.1537094116211,0.04941909450563549,0.092432912478368,943.4521789550781,1825.0101928710938,3289.844512939453,0.01919426653170664,-0.003106149718039908,0.17629131938379072,0.05171632052663422,0.04289197446487414,-0.03919865842641601
2022-02-28,-0.031360491945908286,1.118105411529541,30.149999618530273,0.08587634218703699,0.0581615734897285,0.08,0.07937278766517819,0.05877332032678928,3.9,-0.5,0.39,288.44573974609375,-0.03919865842641601,304.44532267252606,303.852533976237,279.6516812642415,0.04770395260903638,0.09249674205626614,913.3359680175781,1823.1152038574219,3355.8201751708984,-0.07534514522041547,0.01919426653170664,-0.003106149718039908,0.05956275858059645,0.001810636214868211,0.03399546540919762
2022-03-31,0.03577328837154625,1.1161835193634033,20.559999465942383,0.04763892081530274,0.02621876704101611,0.2,0.08572204966013852,0.0744141096883304,3.7,-0.5,0.04,298.2515869140625,0.03399546540919762,295.6370137532552,308.2840067545573,285.6530342102051,0.05570654869412976,0.08688089430685332,886.9110412597656,1849.7040405273438,3427.836410522461,-0.03919865842641601,-0.07534514522041547,0.01919426653170664,-0.06433123797481255,0.016924856097124463,-0.09986710471223692
2022-04-30,-0.08795671180434306,1.0546298027038574,33.400001525878906,0.04397690183278935,-0.020469886796252945,0.33,0.08231750770777224,0.07447447447447453,3.7,-0.5,0.19,268.466064453125,-0.09986710471223692,285.05446370442706,299.7692616780599,287.86006418863934,0.06702888409523514,0.05332925216793843,855.1633911132812,1798.6155700683594,3454.320770263672,0.03399546540919762,-0.03919865842641601,-0.07534514522041547,0.17629131938379072,0.06960164731400953,-0.020358763846614836
2022-05-31,5.317770464463578e-05,1.0773539543151855,26.190000534057617,0.00046814215903179246,-0.02164920593880726,0.77,0.08538171195642064,0.0805079669342279,3.6,-0.5,0.32,263.00042724609375,-0.020358763846614836,276.57269287109375,290.5090077718099,289.811528523763,0.06732402516278206,0.052211574740986554,829.7180786132812,1743.0540466308594,3477.7383422851562,-0.09986710471223692,0.03399546540919762,-0.03919865842641601,-0.003106149718039908,-0.009913350640126217,-0.0531203998886981
2022-06-30,-0.08391999993382682,1.04465913772583,28.709999084472656,0.009747942711759272,-0.03418973899562017,1.21,0.08979361103105798,0.08639024973115061,3.6,-0.5,0.06,249.0297393798828,-0.0531203998886981,260.1654103597005,277.90121205647785,288.85192743937176,0.03995863585262703,0.04655119103761483,780.4962310791016,1667.4072723388672,3466.223129272461,-0.020358763846614836,-0.09986710471223692,0.03399546540919762,0.01919426653170664,0.08749414538998113,0.09309660239603001
2022-07-31,0.09111639173021002,1.022704005241394,21.329999923706055,-0.06751133931002895,-0.022836844814264845,1.68,0.08462576727730098,0.08862576246860421,3.5,0.0,-0.22,272.21356201171875,0.09309660239603001,261.4145762125651,273.2345199584961,288.70144271850586,0.07672989061478244,0.06834012989154856,784.2437286376953,1639.4071197509766,3464.4173126220703,-0.0531203998886981,-0.020358763846614836,-0.09986710471223692,-0.07534514522041547,0.05171632052663422,-0.06864010940040322
2022-08-31,-0.04244012827299837,1.0025062561035156,25.8700008392334,-0.09196916895379592,-0.028419067951734434,2.33,0.08222579178218825,0.09153754469606667,3.6,0.0,-0.3,253.52879333496094,-0.06864010940040322,258.2573649088542,267.41502888997394,285.63378143310547,0.08923661158513968,0.07147546619343137,774.7720947265625,1604.4901733398438,3427.6053771972656,0.09309660239603001,-0.0531203998886981,-0.020358763846614836,-0.03919865842641601,0.05956275858059645,-0.10737615167451753
2022-09-30,-0.09339567201327437,0.9829555749893188,31.6200008392334,-0.11233952925913171,-0.02942551551685535,2.56,0.08192106896425821,0.09928825622775816,3.5,0.75,-0.39,226.30584716796875,-0.10737615167451753,250.68273417154947,255.424072265625,281.8540395100911,0.10633952701795543,0.07371893080738409,752.0482025146484,1532.54443359375,3382.2484741210938,-0.06864010940040322,0.09309660239603001,-0.0531203998886981,0.03399546540919762,-0.06433123797481255,-0.0033059405927242658
2022-10-31,0.0798634138370089,0.9955002665519714,25.8799991607666,0.08856461321828868,-0.015940808235575088,3.08,0.07758813957693,0.10621030345800997,3.6,0.75,-0.41,225.5576934814453,-0.0033059405927242658,235.13077799479166,248.27267710367838,274.02096939086914,0.052598547856161436,0.06914380683232545,705.392333984375,1489.6360626220703,3288.2516326904297,-0.10737615167451753,-0.06864010940040322,0.09309660239603001,-0.09986710471223692,0.17629131938379072,0.09912543839194154
2022-11-30,0.053752893352493114,1.0324499607086182,20.579999923706055,-0.0691089311441182,0.06730238641898212,3.78,0.07122856456533988,0.10046838407494141,3.6,1.5,-0.7,247.91619873046875,0.09912543839194154,233.2599131266276,245.75863901774088,268.1338233947754,0.10325187886529817,0.08636784473841118,699.7797393798828,1474.5518341064453,3217.6058807373047,-0.0033059405927242658,-0.10737615167451753,-0.06864010940040322,-0.020358763846614836,-0.003106149718039908,-0.05739656398708082
2022-12-31,-0.05897147407473047,1.0728462934494019,21.670000076293945,-0.0036002595225353984,0.042210739502792194,4.1,0.06404600402357152,0.09200093283582089,3.5,2.0,-0.53,233.68666076660156,-0.05739656398708082,235.72018432617188,243.2014592488607,260.55133565266925,0.0794954088492213,0.08684380714181271,707.1605529785156,1459.208755493164,3126.6160278320312,0.09912543839194154,-0.0033059405927242658,-0.10737615167451753,-0.0531203998886981,0.01919426653170664,0.03331666328107241
2023-01-31,0.0617528578346791,1.0850694179534912,19.399999618530273,-0.014476323734612162,0.0008155357670653895,4.33,0.06327178517960097,0.08637526156707742,3.5,2.0,-0.69,241.47232055664062,0.03331666328107241,241.02506001790366,238.07791900634766,255.65621948242188,0.07859052287196731,0.07572315301725595,723.0751800537109,1428.467514038086,3067.8746337890625,-0.05739656398708082,0.09912543839194154,-0.0033059405927242658,0.09309660239603001,-0.07534514522041547,0.006496945048792613
2023-02-28,-0.02611249393181858,1.0611205101013184,20.700000762939453,-0.025893523012970654,0.004236827758631545,4.57,0.05957820738137087,0.08499366578371514,3.6,2.5,-0.89,243.04115295410156,0.006496945048792613,239.4000447591146,236.3299789428711,251.87250391642252,0.046602159077986635,0.07165399662091347,718.2001342773438,1417.9798736572266,3022.4700469970703,0.03331666328107241,-0.05739656398708082,0.09912543839194154,-0.06864010940040322,-0.03919865842641601,0.15877660300810925
2023-03-31,0.03505161257710898,1.0904649496078491,18.700000762939453,-0.017910510423802206,0.0766034084508378,4.65,0.04917719362889961,0.06881043400044984,3.5,3.0,-0.58,281.6304016113281,0.15877660300810925,255.38129170735678,245.5507380167643,250.48740514119467,0.08129020850280501,0.07762838250460777,766.1438751220703,1473.304428100586,3005.848861694336,0.006496945048792613,0.03331666328107241,-0.05739656398708082,-0.10737615167451753,0.03399546540919762,0.06576510828182158
2023-04-30,0.014642341662481018,1.1128422021865845,15.779999732971191,0.014668965735578743,0.010716087143695985,4.83,0.049500798791243694,0.06942425936277252,3.4,3.0,-0.6,300.15185546875,0.06576510828182158,274.9411366780599,257.98309834798175,253.12788772583008,0.07676039294718953,0.075090476891853,824.8234100341797,1547.8985900878906,3037.534652709961,0.15877660300810925,0.006496945048792613,0.03331666328107241,-0.0033059405927242658,-0.09986710471223692,0.06876920617981463
2023-05-31,0.002482347368192972,1.073306918144226,17.940000534057617,-0.11318054935616173,-0.013165143205512098,5.06,0.04131851231385042,0.06098237055105882,3.6,3.25,-0.76,320.7930603027344,0.06876920617981463,300.8584391276042,270.1292419433594,257.9439404805501,0.05285435056077068,0.07216627180686108,902.5753173828125,1620.7754516601562,3095.3272857666016,0.06576510828182158,0.15877660300810925,0.006496945048792613,0.09912543839194154,-0.020358763846614836,0.03926540469438611
2023-06-30,0.06472746490423464,1.0868029594421387,13.59000015258789,0.03745048008379448,-0.02179339492645227,5.08,0.03070617072997095,0.05510338759348876,3.6,3.5,-1.06,333.3891296386719,0.03926540469438611,318.11134847005206,286.7463200887044,264.97388966878253,0.01623644663760237,0.05262293887547708,954.3340454101562,1720.4779205322266,3179.6866760253906,0.06876920617981463,0.06576510828182158,0.15877660300810925,-0.05739656398708082,-0.0531203998886981,-0.013566485224259739
2023-07-31,0.031138932355010862,1.1024264097213745,13.630000114440918,0.1579841981672605,0.025714447473768498,5.12,0.03287749268428297,0.052845528455284674,3.5,3.5,-0.91,328.8662109375,-0.013566485224259739,327.68280029296875,301.31196848551434,269.69494374593097,0.041715003243146816,0.06061878226655712,983.0484008789062,1807.871810913086,3236.339324951172,0.03926540469438611,0.06876920617981463,0.06576510828182158,0.03331666328107241,0.09309660239603001,-0.02429148144518778
2023-08-31,-0.017716390070854016,1.0932546854019165,13.569999694824219,0.02237156642283078,-0.0163918035159224,5.33,0.03722504803505289,0.05208560821139985,3.7,3.75,-0.76,320.8775634765625,-0.02429148144518778,327.7109680175781,314.2847035725911,275.30734125773114,0.03402379537929709,0.06648860895284796,983.1329040527344,1885.7082214355469,3303.6880950927734,-0.013566485224259739,0.03926540469438611,0.06876920617981463,0.006496945048792613,-0.06864010940040322,-0.03460330461240446
2023-09-30,-0.048719367465624885,1.0587612390518188,17.520000457763672,0.08561525645412771,-0.046486419283759295,5.33,0.03687206638119256,0.04316391496708749,3.7,4.0,-0.44,309.7741394042969,-0.03460330461240446,319.8393046061198,318.97532653808594,282.2630322774251,0.010519085915138495,0.04659604984198829,959.5179138183594,1913.8519592285156,3387.1563873291016,-0.02429148144518778,-0.013566485224259739,0.03926540469438611,0.15877660300810925,-0.10737615167451753,0.07081565676542434
2023-10-31,-0.02197968873798295,1.061503529548645,18.139999389648438,-0.06792389731552706,0.04250440978266656,5.33,0.032512659098611785,0.028708133971291794,3.9,4.0,-0.19,331.71099853515625,0.07081565676542434,320.7875671386719,324.2351837158203,291.10914103190106,0.05811606039301106,0.04768838606084136,962.3627014160156,1945.4111022949219,3493.3096923828125,-0.03460330461240446,-0.02429148144518778,-0.013566485224259739,0.06576510828182158,-0.0033059405927242658,0.12067080141452613
2023-11-30,0.08917926878197013,1.0973695516586304,12.920000076293945,-0.10237372414668455,0.0578452048780862,5.33,0.031333462745911866,0.023728452862310956,3.7,4.0,-0.36,371.73883056640625,0.12067080141452613,337.74132283528644,332.7261454264323,301.4276936848958,0.07927666835038913,0.06150382201795371,1013.2239685058594,1996.3568725585938,3617.13232421875,0.07081565676542434,-0.03460330461240446,-0.02429148144518778,0.06876920617981463,0.09912543839194154,-0.005560153739330387
2023-12-31,0.04422923115636013,1.1055831909179688,12.449999809265137,-0.05674035822197343,0.011922833545408684,5.33,0.033159099427102934,0.02904431393486373,3.8,4.0,-0.35,369.6719055175781,-0.005560153739330387,357.7072448730469,338.7732747395833,312.75979741414386,0.06357810671042878,0.06234261815275557,1073.1217346191406,2032.6396484375,3753.1175689697266,0.12067080141452613,0.07081565676542434,-0.03460330461240446,0.03926540469438611,-0.05739656398708082,0.05728115017003055
2024-01-31,0.015895707598991615,1.08433997631073,14.350000381469727,0.05861823948077949,-0.006788208234537851,5.33,0.030883429864855705,0.02760834670947032,3.7,4.0,-0.28,390.8471374511719,0.05728115017003055,377.41929117838544,349.1034291585286,325.2076988220215,0.06311567607837533,0.061666765486105134,1132.2578735351562,2094.620574951172,3902.492385864258,-0.005560153739330387,0.12067080141452613,0.07081565676542434,-0.013566485224259739,0.03331666328107241,0.040394450686988215
2024-02-29,0.05172064062372317,1.0838816165924072,13.399999618530273,0.03177328557141146,-0.0013180781588525425,5.33,0.03157074141648697,0.025687294342426448,3.9,4.0,-0.39,406.63519287109375,0.040394450686988215,389.05141194661456,363.3963673909505,338.8405354817708,0.03252182796327905,0.055469021103225755,1167.1542358398438,2180.378204345703,4066.08642578125,0.05728115017003055,-0.005560153739330387,0.12067080141452613,-0.02429148144518778,0.006496945048792613,0.018997161795659245
2024-03-31,0.031018779915342964,1.0801469087600708,13.010000228881836,0.06273953358917383,0.08393212849886278,5.33,0.034868349120836584,0.024090048390490226,3.9,4.0,-0.39,414.360107421875,0.018997161795659245,403.9474792480469,380.8273620605469,349.9013442993164,0.01918622925076998,0.04386323350260566,1211.8424377441406,2284.9641723632812,4198.816131591797,0.040394450686988215,0.05728115017003055,-0.005560153739330387,-0.03460330461240446,0.15877660300810925,-0.07461021529926304
2024-04-30,-0.04161507173789869,1.0715701580047607,15.649999618530273,-0.014909196718397077,0.033372419617130555,5.33,0.033607951262196734,0.023520802843403743,3.9,4.0,-0.35,383.4446105957031,-0.07461021529926304,401.47997029622394,389.4496307373047,356.8424072265625,0.061164066543872075,0.06529248085159062,1204.4399108886719,2336.697784423828,4282.10888671875,0.018997161795659245,0.040394450686988215,0.05728115017003055,0.07081565676542434,0.06576510828182158,0.06626772931462899
2024-05-31,0.0480211901511991,1.0835410356521606,12.920000076293945,-0.06029540367393571,0.013747054788550983,5.33,0.03244278584003113,0.025499007210784796,3.9,4.0,-0.38,408.8546142578125,0.06626772931462899,402.2197774251302,395.6355946858724,364.18087005615234,0.07169779503675056,0.05196626294957663,1206.6593322753906,2373.8135681152344,4370.170440673828,-0.07461021529926304,0.018997161795659245,0.040394450686988215,0.12067080141452613,0.06876920617981463,0.07859271849921345
2024-06-30,0.03466980128308328,1.0721560716629028,12.4399995803833,0.05909862550988576,0.0020664036462707536,5.33,0.029702579486470926,0.0250182424684664,4.1,3.75,-0.35,440.98760986328125,0.07859271849921345,411.0956115722656,407.52154541015625,373.1474100748698,0.08511721287093402,0.055830597089699334,1233.2868347167969,2445.1292724609375,4477.7689208984375,0.06626772931462899,-0.07461021529926304,0.018997161795659245,-0.005560153739330387,0.03926540469438611,-0.06398933944680107
2024-07-31,0.011321316887868749,1.0816072225570679,16.360000610351562,-0.04451799377802956,0.04244535416963191,5.33,0.029414757935583014,0.025774809558593237,4.2,3.75,-0.2,412.76910400390625,-0.06398933944680107,420.8704427083333,411.1752065022786,380.1393178304036,0.07900258705557342,0.06558014287044471,1262.611328125,2467.051239013672,4561.671813964844,0.07859271849921345,0.06626772931462899,-0.07461021529926304,0.05728115017003055,-0.013566485224259739,-0.0028922153501599324
2024-08-31,0.022834706936630367,1.1061947345733643,15.0,-0.0559620126480882,0.027735441511693715,5.33,0.02607144490692037,0.021587960560456754,4.2,3.75,0.0,411.5752868652344,-0.0028922153501599324,421.77733357747394,411.99855550130206,387.6974614461263,0.07153355420760926,0.06405533921413115,1265.3320007324219,2471.9913330078125,4652.369537353516,-0.06398933944680107,0.07859271849921345,0.06626772931462899,0.040394450686988215,-0.02429148144518778,0.03340733573627963
2024-09-30,0.020196884090601275,1.1169815063476562,16.729999542236328,-0.02009205115667001,0.03606339510925771,5.13,0.024264830315416708,0.01727526637012522,4.1,3.5,0.15,425.3249206542969,0.03340733573627963,416.5564371744792,413.8260243733724,397.32669321695965,0.04922165566542844,0.06500546069752677,1249.6693115234375,2482.9561462402344,4767.920318603516,-0.0028922153501599324,-0.06398933944680107,0.07859271849921345,0.018997161795659245,-0.03460330461240446,-0.05565870589372335
2024-10-31,-0.009896743303151712,1.0859178304672241,23.15999984741211,-0.03901961114703645,0.059822352829202785,4.83,0.02578844053871343,0.01994832041343675,4.1,3.25,0.12,401.6518859863281,-0.05565870589372335,412.85069783528644,416.8605702718099,403.1551005045573,0.04478600917138914,0.06060953166651066,1238.5520935058594,2501.1634216308594,4837.8612060546875,0.03340733573627963,-0.0028922153501599324,-0.06398933944680107,-0.07461021529926304,0.07081565676542434,0.04210638606481143
2024-11-30,0.057301295482098835,1.0580891370773315,13.510000228881836,-0.01819234908125067,-0.02968997092298853,4.64,0.02719472461284833,0.02234694938156112,4.2,3.25,0.05,418.5639953613281,0.04210638606481143,415.1802673339844,418.4788004557292,407.0571975708008,0.05410860445116621,0.056746162210158074,1245.5408020019531,2510.872802734375,4884.686370849609,-0.05565870589372335,0.03340733573627963,-0.0028922153501599324,0.06626772931462899,0.12067080141452613,-0.002636140630622008
2024-12-31,-0.02499013704848363,1.040615200996399,17.350000381469727,0.026147421107572733,0.024304103198067528,4.48,0.028706909675099812,0.024281415378229587,4.1,3.0,0.33,417.4606018066406,-0.002636140630622008,412.55882771809894,414.55763244628906,411.03958892822266,0.04894094967038042,0.04401312408188918,1237.6764831542969,2487.3457946777344,4932.475067138672,0.04210638606481143,-0.05565870589372335,0.03340733573627963,0.07859271849921345,-0.005560153739330387,-0.015278651052765713
2025-01-31,0.0270163042404441,1.0397279262542725,16.43000030517578,0.03943898037189686,0.033408583015622995,4.33,0.029909783078999608,0.02499218994064356,4.0,3.0,0.36,411.0823669433594,-0.015278651052765713,415.7023213704427,414.27650960286456,412.7258580525716,0.03015175298898159,0.03531427373569218,1247.1069641113281,2485.6590576171875,4952.710296630859,-0.002636140630622008,0.04210638606481143,-0.05565870589372335,-0.06398933944680107,0.05728115017003055,-0.043535997996191234
2025-02-28,-0.014242092699825126,1.039511799812317,19.6299991607666,-0.038191047700073644,0.008640017361111196,4.33,0.028015834477613355,0.0229742316050916,4.2,2.75,0.25,393.18548583984375,-0.043535997996191234,407.24281819661456,411.2115427652995,411.6050491333008,0.020940825590932563,0.03958355931744613,1221.7284545898438,2467.269256591797,4939.260589599609,-0.015278651052765713,-0.002636140630622008,0.04210638606481143,-0.0028922153501599324,0.040394450686988215,-0.052513361247237045
2025-03-31,-0.05754469768137538,1.082391619682312,22.280000686645508,0.02465598004633418,0.10081782116372495,4.33,0.02381981462805549,0.021674370826913147,4.2,2.5,0.34,372.5379943847656,-0.052513361247237045,392.26861572265625,402.4137217203776,408.119873046875,0.019431479401942644,0.03756111522118041,1176.8058471679688,2414.4823303222656,4897.4384765625,-0.043535997996191234,-0.015278651052765713,-0.002636140630622008,0.03340733573627963,0.018997161795659245,0.05293166193248733
2025-04-30,-0.007624943346289825,1.1389262676239014,24.700000762939453,-0.1856463856919187,0.058345058384461135,4.33,0.0232538823025783,0.021550403431723097,4.2,2.25,0.57,392.2570495605469,0.05293166193248733,385.99350992838544,400.84791564941406,408.854242960612,0.05845975164793453,0.04337840860792701,1157.9805297851562,2405.0874938964844,4906.250915527344,-0.052513361247237045,-0.043535997996191234,-0.015278651052765713,-0.05565870589372335,-0.07461021529926304,0.16470171227571928
2025-05-31,0.06152382614078289,1.1350737810134888,18.56999969482422,0.04432231354806704,-0.004871436507186133,4.33,0.023772651073680873,0.01864873127483957,4.3,2.25,0.52,456.8624572753906,0.16470171227571928,407.2191670735677,407.2309926350911,412.85489654541016,0.10862288374055486,0.08127806534601026,1221.6575012207031,2443.385955810547,4954.258758544922,0.05293166193248733,-0.052513361247237045,-0.043535997996191234,0.04210638606481143,0.06626772931462899,0.08246408312257958
2025-06-30,0.049606839467715824,1.1727453470230103,16.729999542236328,0.05532571866473179,0.0006781366270036671,4.33,0.02680453865910226,0.019627783992677728,4.1,2.0,0.52,494.5372009277344,0.08246408312257958,447.8855692545573,420.07709248860675,417.31736246744794,0.05791910407888884,0.0844703844592234,1343.6567077636719,2520.4625549316406,5007.808349609375,0.16470171227571928,0.05293166193248733,-0.052513361247237045,-0.002636140630622008,0.07859271849921345,0.07255571507427194
2025-07-31,0.0216665625306407,1.1429355144500732,16.719999313354492,0.07960236809008725,0.0006288798071716339,4.33,0.02742618052167134,0.020142421159715207,4.3,2.0,0.43,530.418701171875,0.07255571507427194,493.939453125,439.9664815266927,427.1214955647786,0.05058341000492684,0.08233407109059665,1481.818359375,2639.7988891601562,5125.457946777344,0.08246408312257958,0.16470171227571928,0.05293166193248733,-0.015278651052765713,-0.06398933944680107,-0.050252980882308895
2025-08-31,0.019066444295036122,1.1686338186264038,15.359999656677246,-0.07580132599005052,0.054809912145106665,4.33,0.029385917430316155,0.020217413390226424,4.3,2.0,0.64,503.7635803222656,-0.050252980882308895,509.5731608072917,458.3961639404297,434.80385335286456,0.0739301141146312,0.0838287182227613,1528.719482421875,2750.376983642578,5217.646240234375,0.07255571507427194,0.08246408312257958,0.16470171227571928,-0.043535997996191234,-0.0028922153501599324,0.02390314602759691
2025-09-30,0.035323687218701494,1.1731443405151367,16.280000686645508,-0.02562104592428127,0.10567985226599852,4.22,0.030225715847133294,0.022167988610941602,4.4,2.0,0.56,515.8051147460938,0.02390314602759691,516.6624654134115,482.2740173339844,442.34386952718097,0.06184413127057882,0.0708549605901592,1549.9873962402344,2893.6441040039062,5308.126434326172,-0.050252980882308895,0.07255571507427194,0.08246408312257958,-0.052513361247237045,0.03340733573627963,-0.00027038377100996325
2025-10-31,0.0226868719049238,1.157246708869934,17.440000534057617,-0.022286346215373176,0.03681522092952827,4.09,0.027291362382022122,0.020774219700040453,4.43,2.0,0.51,515.6656494140625,-0.00027038377100996325,511.7447814941406,502.8421173095703,451.8450164794922,0.0378191986412384,0.07479310822927887,1535.2343444824219,3017.052703857422,5422.140197753906,0.02390314602759691,-0.050252980882308895,0.07255571507427194,0.05293166193248733,-0.05565870589372335,-0.049825143993146415
2025-11-30,0.0012996181666717899,1.15968918800354,16.350000381469727,-0.039849136166239196,0.05928879925935049,3.88,0.026964439164939513,0.021146807645384236,4.5,2.0,0.55,489.9725341796875,-0.049825143993146415,507.14776611328125,508.36046346028644,457.7957280476888,0.037585224386232075,0.05764548036579434,1521.4432983398438,3050.1627807617188,5493.548736572266,-0.00027038377100996325,0.02390314602759691,-0.050252980882308895,0.16470171227571928,0.04210638606481143,-0.015212806640997223
2025-12-31,-0.0005241344225139777,1.1747292280197144,14.949999809265137,-0.019299762302985246,0.025436857961000037,3.72,0.02653304114557753,0.019349609968595027,4.4,2.0,0.71,482.5186767578125,-0.015212806640997223,496.0522867838542,506.3573760986328,463.2172342936198,0.025419691051354987,0.04693460246359582,1488.1568603515625,3038.144256591797,5558.6068115234375,-0.049825143993146415,-0.00027038377100996325,0.02390314602759691,0.08246408312257958,-0.002636140630622008,-0.11027253387667912
2026-01-31,0.013662958900920286,1.1855363845825195,17.440000534057617,0.1356670352480165,0.08976784629210033,3.64,0.02391201432150014,0.01635680178807264,4.3,2.0,0.74,429.31011962890625,-0.11027253387667912,467.26711018880206,489.5059458414714,464.73621368408203,0.048111420305427734,0.04727536418510633,1401.8013305664062,2937.035675048828,5576.834564208984,-0.015212806640997223,-0.049825143993146415,-0.00027038377100996325,0.07255571507427194,-0.015278651052765713,-0.10560732036310269
